-- phpMyAdmin SQL Dump
-- version 5.0.2
-- https://www.phpmyadmin.net/
--
-- Host: localhost
-- Generation Time: Nov 16, 2020 at 03:22 PM
-- Server version: 10.4.14-MariaDB
-- PHP Version: 7.4.10

SET SQL_MODE = "NO_AUTO_VALUE_ON_ZERO";
START TRANSACTION;
SET time_zone = "+00:00";


/*!40101 SET @OLD_CHARACTER_SET_CLIENT=@@CHARACTER_SET_CLIENT */;
/*!40101 SET @OLD_CHARACTER_SET_RESULTS=@@CHARACTER_SET_RESULTS */;
/*!40101 SET @OLD_COLLATION_CONNECTION=@@COLLATION_CONNECTION */;
/*!40101 SET NAMES utf8mb4 */;

--
-- Database: `iut`
--

-- --------------------------------------------------------

--
-- Table structure for table `actions`
--

CREATE TABLE `actions` (
  `id_action` int(11) NOT NULL,
  `date` datetime(6) NOT NULL,
  `auteur` varchar(255) NOT NULL,
  `desc_action` varchar(255) NOT NULL,
  `module` varchar(50) NOT NULL
) ENGINE=InnoDB DEFAULT CHARSET=latin1;

--
-- Dumping data for table `actions`
--

INSERT INTO `actions` (`id_action`, `date`, `auteur`, `desc_action`, `module`) VALUES
(62, '2019-09-12 13:33:24.000000', 'Mr Mengue constantin 	', 'suppression du memoire de l\'etudiant de matricule 17I046IU', 'gestion des stages et archivage des mémoires'),
(63, '2019-09-12 14:15:28.000000', 'YENKE OMER Blaise', 'annonymisation de L\'EXAMEN IFT-101 dans la filiere GIN', ' gestion des notes 	'),
(64, '2020-09-15 15:10:23.000000', 'YENKE OMER Blaise', 'annonymisation de L\'EXAMEN IFT-301 dans la filiere GIN ', 'gestion des notes '),
(65, '2019-09-12 15:10:23.000000', 'YENKE OMER Blaise', 'annonymisation de L\'EXAMEN IFT-301 dans la filiere GIN ', 'gestion des notes'),
(66, '2019-09-17 11:55:44.000000', 'Tchogang joseph', 'Ajout du personnel Dr Yaoudam Elizabeth dans le service SFP affecter le 2014-03-05', ''),
(67, '2019-09-17 12:44:39.000000', 'Tchogang joseph', 'Ajout du personnel toto dans le service Division_stage affecter le 2017-10-30', ''),
(68, '2019-09-17 11:55:44.000000', 'Tchogang joseph', 'Ajout du personnel Dr Elizabeth dans le service bibliotheque affecter le 2014-03-05', ''),
(69, '2019-09-17 12:44:39.000000', 'Tchogang joseph', 'Ajout du personnel toto dans le service Division_stage affecter le 2017-10-30', ''),
(70, '2020-10-16 13:55:35.000000', 'Tchogang joseph', 'Ajout du personnel Dr NDAM NJOYA Arouna  dans le service DFI affecter le 2020-10-16', ''),
(71, '2020-10-16 13:57:08.000000', 'Tchogang joseph', 'Suppression du personnel Dr NDAM NJOYA Arouna', ''),
(72, '2020-10-16 13:58:12.000000', 'Tchogang joseph', 'Ajout du personnel Dr NDAM NJOYA', ''),
(73, '2020-10-16 14:02:03.000000', 'Tchogang joseph', 'Ajout du personnel Dr FENDJI Jean Loui', ''),
(74, '2020-10-16 14:06:05.000000', 'Tchogang joseph', 'Ajout du personnel Dr DANGBE Ezekiel  dans le service S_stages affecter le 2020-10-16', ''),
(75, '2020-10-16 14:09:39.000000', 'Tchogang joseph', 'Ajout du personnel Dr BATOURE Apollinaire', ''),
(76, '2020-10-16 14:17:28.000000', 'Tchogang joseph', 'Ajout du personnel Dr FARIKOU', ''),
(77, '2020-10-16 14:18:17.000000', 'Tchogang joseph', 'Ajout du personnel Mr BAKANG', ''),
(78, '2020-10-16 14:19:25.000000', 'Tchogang joseph', 'Suppression du personnel Mr BAKANG', ''),
(79, '2020-10-16 14:27:31.000000', 'Tchogang joseph', 'Ajout du personnel Mr BAKANG', ''),
(80, '2020-10-16 14:40:11.000000', 'Pr EKOBENA Fouda', 'Suppression du personnel lambey', ''),
(81, '2020-10-17 13:09:40.000000', 'Tchogang joseph', 'Ajout du personnel test', ''),
(82, '2020-10-20 08:30:27.000000', 'Admin_SIGI', 'Ajout du personnel Dr Salli', '');

-- --------------------------------------------------------

--
-- Table structure for table `admin`
--

CREATE TABLE `admin` (
  `id_admin` tinyint(4) NOT NULL,
  `nom_admin` varchar(255) NOT NULL,
  `prenom_admin` varchar(255) NOT NULL,
  `email_admin` varchar(255) NOT NULL,
  `mdp_admin` varchar(255) NOT NULL,
  `photo_admin` varchar(255) NOT NULL,
  `profession` varchar(255) NOT NULL,
  `joined_on` datetime NOT NULL DEFAULT current_timestamp(),
  `updated_on` datetime NOT NULL DEFAULT current_timestamp() ON UPDATE current_timestamp(),
  `level` tinyint(1) NOT NULL,
  `active` tinyint(1) NOT NULL,
  `created_by` tinyint(4) DEFAULT 0,
  `updated_by` tinyint(4) DEFAULT 0
) ENGINE=InnoDB DEFAULT CHARSET=latin1;

--
-- Dumping data for table `admin`
--

INSERT INTO `admin` (`id_admin`, `nom_admin`, `prenom_admin`, `email_admin`, `mdp_admin`, `photo_admin`, `profession`, `joined_on`, `updated_on`, `level`, `active`, `created_by`, `updated_by`) VALUES
(22, 'admin', 'admin', 'paulpivott@gmail.com', '470bb436167d8f25dfdb9d9f01fbd24983c7cc30a1109c4d22202b6cdc69056b2891571b1912d9c06b9ecc637655439140ac9040bf17146d87fcbf636bdf7c43', 'abe4a4aa8f88c8dac6f2558fd951828d.png', 'etudiant', '2019-04-24 11:17:30', '2019-04-24 11:22:46', 1, 1, 0, 0),
(23, 'toto', 'tata', 'paulpigvott@gmail.com', '107ad3b6a4ba4f9bf9c4506c0b7104be4a3da11b29058274a9dce4ed0881ad947491b1281b043a38ab0d3f1fa83e058678a6ea9b244f05517fa533717ae7d024', 'e4aca4d824ea3a819e567326d3f94214.jpeg', 'Etudiant', '2019-04-24 11:19:01', '2019-04-24 11:19:01', 2, 1, 15, 15),
(26, 'titi', 'jfhygef', 'paulihwugupivott@gmail.com', '470bb436167d8f25dfdb9d9f01fbd24983c7cc30a1109c4d22202b6cdc69056b2891571b1912d9c06b9ecc637655439140ac9040bf17146d87fcbf636bdf7c43', '6052e6064b5f964108f54c9756691c8d.jpeg', 'Etudiant', '2019-04-24 11:41:21', '2019-04-24 11:41:21', 2, 1, 22, 22),
(22, 'admin', 'admin', 'paulpivott@gmail.com', '470bb436167d8f25dfdb9d9f01fbd24983c7cc30a1109c4d22202b6cdc69056b2891571b1912d9c06b9ecc637655439140ac9040bf17146d87fcbf636bdf7c43', 'abe4a4aa8f88c8dac6f2558fd951828d.png', 'etudiant', '2019-04-24 11:17:30', '2019-04-24 11:22:46', 1, 1, 0, 0),
(23, 'toto', 'tata', 'paulpigvott@gmail.com', '107ad3b6a4ba4f9bf9c4506c0b7104be4a3da11b29058274a9dce4ed0881ad947491b1281b043a38ab0d3f1fa83e058678a6ea9b244f05517fa533717ae7d024', 'e4aca4d824ea3a819e567326d3f94214.jpeg', 'Etudiant', '2019-04-24 11:19:01', '2019-04-24 11:19:01', 2, 1, 15, 15),
(26, 'titi', 'jfhygef', 'paulihwugupivott@gmail.com', '470bb436167d8f25dfdb9d9f01fbd24983c7cc30a1109c4d22202b6cdc69056b2891571b1912d9c06b9ecc637655439140ac9040bf17146d87fcbf636bdf7c43', '6052e6064b5f964108f54c9756691c8d.jpeg', 'Etudiant', '2019-04-24 11:41:21', '2019-04-24 11:41:21', 2, 1, 22, 22);

-- --------------------------------------------------------

--
-- Table structure for table `affecter`
--

CREATE TABLE `affecter` (
  `id_affecter` int(11) NOT NULL,
  `personnel_id` int(11) DEFAULT NULL,
  `service_id` int(11) DEFAULT NULL,
  `date_ar` date DEFAULT NULL,
  `date_dep` date DEFAULT NULL
) ENGINE=InnoDB DEFAULT CHARSET=latin1;

--
-- Dumping data for table `affecter`
--

INSERT INTO `affecter` (`id_affecter`, `personnel_id`, `service_id`, `date_ar`, `date_dep`) VALUES
(1, 1, 8, '1997-03-03', NULL),
(2, 8, 6, '2018-05-09', NULL),
(3, 6, 10, '2018-09-10', NULL),
(4, 2, 7, '2018-09-09', NULL),
(5, 9, 9, '2014-03-05', NULL),
(6, 10, 11, '2000-12-30', NULL),
(7, 11, 12, '1996-02-29', NULL),
(8, 12, NULL, NULL, NULL),
(10, 14, 4, '2019-06-15', NULL),
(11, 15, NULL, NULL, NULL),
(12, 16, NULL, NULL, NULL),
(13, 17, NULL, NULL, NULL),
(14, 18, 6, '2020-06-29', NULL),
(22, 26, NULL, NULL, NULL),
(23, 27, 6, '2020-10-16', '2020-10-16'),
(24, 28, 8, '2020-10-16', NULL),
(25, 29, NULL, NULL, NULL),
(26, 30, NULL, NULL, NULL),
(28, 32, 6, '1997-09-01', NULL),
(30, 34, 6, NULL, NULL);

-- --------------------------------------------------------

--
-- Table structure for table `annee_academiques`
--

CREATE TABLE `annee_academiques` (
  `id_annee` int(11) NOT NULL,
  `debut` year(4) NOT NULL,
  `fin` year(4) NOT NULL,
  `status` varchar(10) NOT NULL DEFAULT '0',
  `annee` varchar(50) NOT NULL
) ENGINE=InnoDB DEFAULT CHARSET=utf8;

--
-- Dumping data for table `annee_academiques`
--

INSERT INTO `annee_academiques` (`id_annee`, `debut`, `fin`, `status`, `annee`) VALUES
(1, 2019, 2020, 'en cours', '2019/2020'),
(2, 2018, 2019, '0', '2018/2019'),
(3, 2017, 2018, '0', '2017/2018'),
(4, 2016, 2017, '0', '2016/2017'),
(5, 2015, 2016, '0', '2015/2016'),
(6, 2014, 2015, '0', '2014/2015'),
(7, 2013, 2014, '0', '2013/2014'),
(8, 2012, 2013, '0', '2012/2013');

-- --------------------------------------------------------

--
-- Table structure for table `associations`
--

CREATE TABLE `associations` (
  `id_association` int(11) NOT NULL,
  `ue_id` int(11) NOT NULL,
  `niv_par_id` int(11) NOT NULL
) ENGINE=InnoDB DEFAULT CHARSET=utf8;

--
-- Dumping data for table `associations`
--

INSERT INTO `associations` (`id_association`, `ue_id`, `niv_par_id`) VALUES
(1, 1, 1),
(2, 5, 1),
(3, 9, 2),
(4, 14, 2),
(5, 7, 1),
(6, 12, 2),
(7, 2, 1),
(8, 3, 1),
(9, 4, 1),
(10, 6, 1),
(11, 10, 2),
(12, 11, 2),
(13, 13, 2),
(14, 15, 2),
(15, 16, 2),
(16, 17, 2),
(17, 8, 1);

-- --------------------------------------------------------

--
-- Table structure for table `categories`
--

CREATE TABLE `categories` (
  `id_categorie` int(11) NOT NULL,
  `nom_categorie` varchar(255) NOT NULL,
  `description_categorie` text NOT NULL,
  `CheminA` text NOT NULL,
  `CheminM` text NOT NULL,
  `categorie_id` int(11) NOT NULL,
  `service_id` int(11) DEFAULT NULL,
  `departement_id` int(11) DEFAULT NULL
) ENGINE=InnoDB DEFAULT CHARSET=utf8;

--
-- Dumping data for table `categories`
--

INSERT INTO `categories` (`id_categorie`, `nom_categorie`, `description_categorie`, `CheminA`, `CheminM`, `categorie_id`, `service_id`, `departement_id`) VALUES
(1, 'ARCHIVAGE', '', 'ARCHIVAGE/', 'assets/ARCHIVAGE/SERVICES', 1, 1, NULL),
(22, 'Document', 'mon document', 'ARCHIVAGE/Document/', 'assets/ARCHIVAGE/SERVICES/Genie_Informatique/Document', 1, NULL, 7);

-- --------------------------------------------------------

--
-- Table structure for table `chat`
--

CREATE TABLE `chat` (
  `id` int(11) NOT NULL,
  `sender_id` int(11) NOT NULL,
  `receiver_id` int(11) NOT NULL,
  `message` text NOT NULL,
  `attachment_name` text NOT NULL,
  `file_ext` text NOT NULL,
  `mime_type` text NOT NULL,
  `message_date_time` text NOT NULL,
  `ip_address` text NOT NULL
) ENGINE=InnoDB DEFAULT CHARSET=latin1;

--
-- Dumping data for table `chat`
--

INSERT INTO `chat` (`id`, `sender_id`, `receiver_id`, `message`, `attachment_name`, `file_ext`, `mime_type`, `message_date_time`, `ip_address`) VALUES
(28, 7, 12, 'hhh', '', '', '', '2020-08-17 14:44:34', '192.168.1.126'),
(29, 7, 12, 'NULL', 'IMG-20200616-WA0013.jpg', '.jpg', 'image/jpeg', '2020-08-17 14:46:22', '192.168.1.126'),
(30, 7, 8, 'bonjour pr', '', '', '', '2020-10-01 12:18:05', '172.16.168.80'),
(31, 7, 8, 'NULL', '2__1_Cycles_de_vie_Classiques_.pdf', '.pdf', 'application/pdf', '2020-10-01 12:18:31', '172.16.168.80'),
(32, 7, 8, 'NULL', 'Capture_d’écran_de_2020-05-27_01-23-00.png', '.png', 'image/png', '2020-10-16 14:42:59', '172.16.168.108'),
(33, 8, 7, 'hello word', '', '', '', '2020-10-16 14:46:32', '172.16.168.28'),
(34, 7, 6, 'bonjour mr', '', '', '', '2020-10-20 06:45:31', '172.16.168.116');

-- --------------------------------------------------------

--
-- Table structure for table `ci_sessions`
--

CREATE TABLE `ci_sessions` (
  `id` varchar(40) NOT NULL,
  `ip_address` varchar(45) NOT NULL,
  `timestamp` int(10) UNSIGNED NOT NULL DEFAULT 0,
  `data` blob NOT NULL
) ENGINE=InnoDB DEFAULT CHARSET=latin1;

--
-- Dumping data for table `ci_sessions`
--

INSERT INTO `ci_sessions` (`id`, `ip_address`, `timestamp`, `data`) VALUES
('01342bc4aba650d599bb57532cef4652d97650f9', '172.16.168.116', 1603171360, 0x5f5f63695f6c6173745f726567656e65726174657c693a313630333137313336303b6d6573736167657c733a32393a22436f6e6e656374657a20766f757320706f757220636f6e74696e756572223b5f5f63695f766172737c613a313a7b733a373a226d657373616765223b733a333a226f6c64223b7d),
('0a6cf5a0bcf1133aa8a7fb901917cbd8ce1c8106', '172.16.168.17', 1602949267, 0x5f5f63695f6c6173745f726567656e65726174657c693a313630323934393236373b),
('0a7640286b2bd0cd6d15992866547c2a1ab0839f', '172.16.168.118', 1602934978, 0x5f5f63695f6c6173745f726567656e65726174657c693a313630323933343937383b69645f757365727c733a313a2231223b726f6c657c733a313a2232223b6e616d655f757365727c733a32303a224d72204d656e67756520636f6e7374616e74696e223b656d61696c7c733a31363a226d656e67756540676d61696c2e636f6d223b736572766963657c733a383a22535f737461676573223b706f7374657c733a313a2234223b67726164657c4e3b6c6f676765645f696e7c623a313b636f756e747c693a373b),
('0dc86b2bc7047a043fdf668d184cd11d9d53a6c4', '172.16.168.116', 1603171357, 0x5f5f63695f6c6173745f726567656e65726174657c693a313630333137313335363b6d6573736167657c733a32393a22436f6e6e656374657a20766f757320706f757220636f6e74696e756572223b5f5f63695f766172737c613a313a7b733a373a226d657373616765223b733a333a226f6c64223b7d),
('14dc5a3f55a5f12facecde3936bcbcab8d34a374', '172.16.168.108', 1602586860, 0x5f5f63695f6c6173745f726567656e65726174657c693a313630323538363836303b69645f757365727c733a313a2231223b726f6c657c733a313a2232223b6e616d655f757365727c733a32303a224d72204d656e67756520636f6e7374616e74696e223b656d61696c7c733a31363a226d656e67756540676d61696c2e636f6d223b736572766963657c733a383a22535f737461676573223b706f7374657c733a313a2234223b67726164657c4e3b6c6f676765645f696e7c623a313b636f756e747c693a333b),
('2189763dbc9c1c210fd89643d224a5c63ea8abc0', '172.16.168.118', 1602938672, 0x5f5f63695f6c6173745f726567656e65726174657c693a313630323933383637323b69645f757365727c733a313a2231223b726f6c657c733a313a2232223b6e616d655f757365727c733a32303a224d72204d656e67756520636f6e7374616e74696e223b656d61696c7c733a31363a226d656e67756540676d61696c2e636f6d223b736572766963657c733a383a22535f737461676573223b706f7374657c733a313a2234223b67726164657c4e3b6c6f676765645f696e7c623a313b636f756e747c693a313b),
('2a363ee96e8e07c1d439228d81c26e82264e2897', '172.16.168.28', 1602677440, 0x5f5f63695f6c6173745f726567656e65726174657c693a313630323637373230353b69645f757365727c733a313a2231223b726f6c657c733a313a2232223b6e616d655f757365727c733a32303a224d72204d656e67756520636f6e7374616e74696e223b656d61696c7c733a31363a226d656e67756540676d61696c2e636f6d223b736572766963657c733a383a22535f737461676573223b706f7374657c733a313a2234223b67726164657c4e3b6c6f676765645f696e7c623a313b636f756e747c693a313b),
('2d9df99b3e38d856af7ad31785e5b60f9992225c', '172.16.168.118', 1602937783, 0x5f5f63695f6c6173745f726567656e65726174657c693a313630323933373738333b69645f757365727c733a313a2231223b726f6c657c733a313a2232223b6e616d655f757365727c733a32303a224d72204d656e67756520636f6e7374616e74696e223b656d61696c7c733a31363a226d656e67756540676d61696c2e636f6d223b736572766963657c733a383a22535f737461676573223b706f7374657c733a313a2234223b67726164657c4e3b6c6f676765645f696e7c623a313b636f756e747c693a31313b),
('2f3756a35a085a8f1d50701e46b2c2c033156617', '172.16.168.118', 1602929345, 0x5f5f63695f6c6173745f726567656e65726174657c693a313630323932393334353b69645f757365727c733a313a2231223b726f6c657c733a313a2232223b6e616d655f757365727c733a32303a224d72204d656e67756520636f6e7374616e74696e223b656d61696c7c733a31363a226d656e67756540676d61696c2e636f6d223b736572766963657c733a383a22535f737461676573223b706f7374657c733a313a2234223b67726164657c4e3b6c6f676765645f696e7c623a313b636f756e747c693a323b),
('3123dc3955e10ad128420bcdfca19b70ef746b6a', '172.16.168.118', 1602937287, 0x5f5f63695f6c6173745f726567656e65726174657c693a313630323933373238373b69645f757365727c733a313a2231223b726f6c657c733a313a2232223b6e616d655f757365727c733a32303a224d72204d656e67756520636f6e7374616e74696e223b656d61696c7c733a31363a226d656e67756540676d61696c2e636f6d223b736572766963657c733a383a22535f737461676573223b706f7374657c733a313a2234223b67726164657c4e3b6c6f676765645f696e7c623a313b636f756e747c693a31303b),
('367ec40debc71045ab99aef802f4f234d36c8c9c', '172.16.168.118', 1602948816, 0x5f5f63695f6c6173745f726567656e65726174657c693a313630323934383831363b),
('3900871f469fde057a5f24d54d93c5330b9e1300', '172.16.168.118', 1602930185, 0x5f5f63695f6c6173745f726567656e65726174657c693a313630323933303138353b69645f757365727c733a313a2231223b726f6c657c733a313a2232223b6e616d655f757365727c733a32303a224d72204d656e67756520636f6e7374616e74696e223b656d61696c7c733a31363a226d656e67756540676d61696c2e636f6d223b736572766963657c733a383a22535f737461676573223b706f7374657c733a313a2234223b67726164657c4e3b6c6f676765645f696e7c623a313b636f756e747c693a313b),
('3be085f0077379db0d24ff8e2f46a0c792a611f0', '172.16.168.118', 1602938283, 0x5f5f63695f6c6173745f726567656e65726174657c693a313630323933383238333b69645f757365727c733a313a2231223b726f6c657c733a313a2232223b6e616d655f757365727c733a32303a224d72204d656e67756520636f6e7374616e74696e223b656d61696c7c733a31363a226d656e67756540676d61696c2e636f6d223b736572766963657c733a383a22535f737461676573223b706f7374657c733a313a2234223b67726164657c4e3b6c6f676765645f696e7c623a313b636f756e747c693a31333b),
('3f716ca149a5f11800d3e6eb057865bc25f69272', '172.16.168.116', 1603171360, 0x5f5f63695f6c6173745f726567656e65726174657c693a313630333137313336303b6d6573736167657c733a32393a22436f6e6e656374657a20766f757320706f757220636f6e74696e756572223b5f5f63695f766172737c613a313a7b733a373a226d657373616765223b733a333a226f6c64223b7d),
('3fa3977021d97e7db2fb702a81ac1e33dbef332d', '172.16.168.118', 1602945164, 0x5f5f63695f6c6173745f726567656e65726174657c693a313630323934353136343b69645f757365727c733a313a2231223b726f6c657c733a313a2232223b6e616d655f757365727c733a32303a224d72204d656e67756520636f6e7374616e74696e223b656d61696c7c733a31363a226d656e67756540676d61696c2e636f6d223b736572766963657c733a383a22535f737461676573223b706f7374657c733a313a2234223b67726164657c4e3b6c6f676765645f696e7c623a313b636f756e747c693a313b),
('44bcbe3a4f7fdf85ab78fb8a4589134f3859007b', '172.16.168.118', 1602934581, 0x5f5f63695f6c6173745f726567656e65726174657c693a313630323933343538313b69645f757365727c733a313a2231223b726f6c657c733a313a2232223b6e616d655f757365727c733a32303a224d72204d656e67756520636f6e7374616e74696e223b656d61696c7c733a31363a226d656e67756540676d61696c2e636f6d223b736572766963657c733a383a22535f737461676573223b706f7374657c733a313a2234223b67726164657c4e3b6c6f676765645f696e7c623a313b636f756e747c693a363b),
('4c6013d1b5c41f79829e4bb5ffe9395ccefa2c65', '172.16.168.116', 1603171360, 0x5f5f63695f6c6173745f726567656e65726174657c693a313630333137313335393b6d6573736167657c733a32393a22436f6e6e656374657a20766f757320706f757220636f6e74696e756572223b5f5f63695f766172737c613a313a7b733a373a226d657373616765223b733a333a226f6c64223b7d),
('4d6262d444deb05243630f2c16eeba33b71894f1', '172.16.168.108', 1602589443, 0x5f5f63695f6c6173745f726567656e65726174657c693a313630323538393434333b69645f757365727c733a313a2231223b726f6c657c733a313a2232223b6e616d655f757365727c733a32303a224d72204d656e67756520636f6e7374616e74696e223b656d61696c7c733a31363a226d656e67756540676d61696c2e636f6d223b736572766963657c733a383a22535f737461676573223b706f7374657c733a313a2234223b67726164657c4e3b6c6f676765645f696e7c623a313b636f756e747c693a353b),
('4e83d5404b91b77d68dcbde41797b7b3fde91d30', '172.16.168.108', 1602592632, 0x5f5f63695f6c6173745f726567656e65726174657c693a313630323539323630333b69645f757365727c733a313a2231223b726f6c657c733a313a2232223b6e616d655f757365727c733a32303a224d72204d656e67756520636f6e7374616e74696e223b656d61696c7c733a31363a226d656e67756540676d61696c2e636f6d223b736572766963657c733a383a22535f737461676573223b706f7374657c733a313a2234223b67726164657c4e3b6c6f676765645f696e7c623a313b636f756e747c693a363b),
('4f3ca5bce799a5bd2e73ab80645f796f4106189a', '172.16.168.116', 1603170906, 0x5f5f63695f6c6173745f726567656e65726174657c693a313630333137303930363b),
('56546e6350c1cc21f39c83734e4b73d3084f5a2b', '172.16.168.118', 1602933987, 0x5f5f63695f6c6173745f726567656e65726174657c693a313630323933333938373b69645f757365727c733a313a2231223b726f6c657c733a313a2232223b6e616d655f757365727c733a32303a224d72204d656e67756520636f6e7374616e74696e223b656d61696c7c733a31363a226d656e67756540676d61696c2e636f6d223b736572766963657c733a383a22535f737461676573223b706f7374657c733a313a2234223b67726164657c4e3b6c6f676765645f696e7c623a313b636f756e747c693a353b),
('5d44e8a4254f2deb1b82e1da6ec81869e72d0a25', '172.16.168.17', 1602949282, 0x5f5f63695f6c6173745f726567656e65726174657c693a313630323934393236373b),
('6098a8a623f56addd843bbbb169e36497282ce2f', '172.16.168.118', 1602948816, 0x5f5f63695f6c6173745f726567656e65726174657c693a313630323934383831363b),
('644e5037cfb839189bcdc0055a921dc276864ac9', '172.16.168.118', 1602929690, 0x5f5f63695f6c6173745f726567656e65726174657c693a313630323932393639303b69645f757365727c733a313a2231223b726f6c657c733a313a2232223b6e616d655f757365727c733a32303a224d72204d656e67756520636f6e7374616e74696e223b656d61696c7c733a31363a226d656e67756540676d61696c2e636f6d223b736572766963657c733a383a22535f737461676573223b706f7374657c733a313a2234223b67726164657c4e3b6c6f676765645f696e7c623a313b636f756e747c693a323b),
('651c81e57f13fa62fe02455fa6584637e377121d', '172.16.168.108', 1602587352, 0x5f5f63695f6c6173745f726567656e65726174657c693a313630323538373335323b69645f757365727c733a313a2231223b726f6c657c733a313a2232223b6e616d655f757365727c733a32303a224d72204d656e67756520636f6e7374616e74696e223b656d61696c7c733a31363a226d656e67756540676d61696c2e636f6d223b736572766963657c733a383a22535f737461676573223b706f7374657c733a313a2234223b67726164657c4e3b6c6f676765645f696e7c623a313b636f756e747c693a343b),
('6d70ce8c7b98b83be52a1cd6b0659503d3b1b279', '172.16.168.108', 1602851762, 0x5f5f63695f6c6173745f726567656e65726174657c693a313630323835313539353b),
('6f4cd8162ad9ad183f1063ffc3596760c4e4a36c', '172.16.168.118', 1602931448, 0x5f5f63695f6c6173745f726567656e65726174657c693a313630323933313434383b69645f757365727c733a313a2231223b726f6c657c733a313a2232223b6e616d655f757365727c733a32303a224d72204d656e67756520636f6e7374616e74696e223b656d61696c7c733a31363a226d656e67756540676d61696c2e636f6d223b736572766963657c733a383a22535f737461676573223b706f7374657c733a313a2234223b67726164657c4e3b6c6f676765645f696e7c623a313b636f756e747c693a323b),
('70876df1655f16d231c58503dfe1698d5c9416c7', '172.16.168.108', 1602591848, 0x5f5f63695f6c6173745f726567656e65726174657c693a313630323539313834383b69645f757365727c733a313a2231223b726f6c657c733a313a2232223b6e616d655f757365727c733a32303a224d72204d656e67756520636f6e7374616e74696e223b656d61696c7c733a31363a226d656e67756540676d61696c2e636f6d223b736572766963657c733a383a22535f737461676573223b706f7374657c733a313a2234223b67726164657c4e3b6c6f676765645f696e7c623a313b636f756e747c693a353b),
('70d99e090777239e8f30bcdd34aeaaa1573729e4', '172.16.168.116', 1603171360, 0x5f5f63695f6c6173745f726567656e65726174657c693a313630333137313336303b6d6573736167657c733a32393a22436f6e6e656374657a20766f757320706f757220636f6e74696e756572223b5f5f63695f766172737c613a313a7b733a373a226d657373616765223b733a333a226f6c64223b7d),
('797ee5c29502548b550c78c49ce77bfc4feb40ec', '172.16.168.118', 1602928973, 0x5f5f63695f6c6173745f726567656e65726174657c693a313630323932383937333b69645f757365727c733a313a2231223b726f6c657c733a313a2232223b6e616d655f757365727c733a32303a224d72204d656e67756520636f6e7374616e74696e223b656d61696c7c733a31363a226d656e67756540676d61696c2e636f6d223b736572766963657c733a383a22535f737461676573223b706f7374657c733a313a2234223b67726164657c4e3b6c6f676765645f696e7c623a313b636f756e747c693a313b),
('7aa42354def24cbdcd7b16f2ded22c46597e5e8c', '172.16.168.118', 1602930914, 0x5f5f63695f6c6173745f726567656e65726174657c693a313630323933303931343b69645f757365727c733a313a2231223b726f6c657c733a313a2232223b6e616d655f757365727c733a32303a224d72204d656e67756520636f6e7374616e74696e223b656d61696c7c733a31363a226d656e67756540676d61696c2e636f6d223b736572766963657c733a383a22535f737461676573223b706f7374657c733a313a2234223b67726164657c4e3b6c6f676765645f696e7c623a313b636f756e747c693a313b),
('8751046aaf65937d507c0bf709ee588b743571ac', '172.16.168.118', 1602932175, 0x5f5f63695f6c6173745f726567656e65726174657c693a313630323933323137353b69645f757365727c733a313a2231223b726f6c657c733a313a2232223b6e616d655f757365727c733a32303a224d72204d656e67756520636f6e7374616e74696e223b656d61696c7c733a31363a226d656e67756540676d61696c2e636f6d223b736572766963657c733a383a22535f737461676573223b706f7374657c733a313a2234223b67726164657c4e3b6c6f676765645f696e7c623a313b636f756e747c693a333b),
('8f59def8f85be826e95daacac24c246e392b8ec2', '172.16.168.108', 1602851287, 0x5f5f63695f6c6173745f726567656e65726174657c693a313630323835313238373b),
('92bb8f40ec482fe705668f2596bc391c7d74d6e8', '172.16.168.108', 1602592603, 0x5f5f63695f6c6173745f726567656e65726174657c693a313630323539323630333b69645f757365727c733a313a2231223b726f6c657c733a313a2232223b6e616d655f757365727c733a32303a224d72204d656e67756520636f6e7374616e74696e223b656d61696c7c733a31363a226d656e67756540676d61696c2e636f6d223b736572766963657c733a383a22535f737461676573223b706f7374657c733a313a2234223b67726164657c4e3b6c6f676765645f696e7c623a313b636f756e747c693a363b),
('947846e8f398c78a26b457108455a7d1f6ed4133', '172.16.168.118', 1602931847, 0x5f5f63695f6c6173745f726567656e65726174657c693a313630323933313834373b69645f757365727c733a313a2231223b726f6c657c733a313a2232223b6e616d655f757365727c733a32303a224d72204d656e67756520636f6e7374616e74696e223b656d61696c7c733a31363a226d656e67756540676d61696c2e636f6d223b736572766963657c733a383a22535f737461676573223b706f7374657c733a313a2234223b67726164657c4e3b6c6f676765645f696e7c623a313b636f756e747c693a333b),
('954416caa4fd94a5ed5dcfc9da508060a4398860', '172.16.168.118', 1602938989, 0x5f5f63695f6c6173745f726567656e65726174657c693a313630323933383938393b69645f757365727c733a313a2231223b726f6c657c733a313a2232223b6e616d655f757365727c733a32303a224d72204d656e67756520636f6e7374616e74696e223b656d61696c7c733a31363a226d656e67756540676d61696c2e636f6d223b736572766963657c733a383a22535f737461676573223b706f7374657c733a313a2234223b67726164657c4e3b6c6f676765645f696e7c623a313b636f756e747c693a323b),
('98f20e0d83ab9b37d4066a0f5cda01e8e5d61f73', '172.16.168.116', 1603171357, 0x5f5f63695f6c6173745f726567656e65726174657c693a313630333137313335363b6d6573736167657c733a32393a22436f6e6e656374657a20766f757320706f757220636f6e74696e756572223b5f5f63695f766172737c613a313a7b733a373a226d657373616765223b733a333a226f6c64223b7d),
('a5846297d74b7d7b18bed65418fce4bbe82e7c4b', '172.16.168.108', 1602586489, 0x5f5f63695f6c6173745f726567656e65726174657c693a313630323538363438393b69645f757365727c733a313a2231223b726f6c657c733a313a2232223b6e616d655f757365727c733a32303a224d72204d656e67756520636f6e7374616e74696e223b656d61696c7c733a31363a226d656e67756540676d61696c2e636f6d223b736572766963657c733a383a22535f737461676573223b706f7374657c733a313a2234223b67726164657c4e3b6c6f676765645f696e7c623a313b636f756e747c693a323b),
('a894106d40de522cdc52448114836c42c06d909d', '172.16.168.118', 1602941198, 0x5f5f63695f6c6173745f726567656e65726174657c693a313630323934313139383b6d6573736167657c733a32393a22436f6e6e656374657a20766f757320706f757220636f6e74696e756572223b5f5f63695f766172737c613a313a7b733a373a226d657373616765223b733a333a226f6c64223b7d),
('aa7b4c9e8ce0796ef9890c8c985073961b4d22da', '172.16.168.108', 1602851595, 0x5f5f63695f6c6173745f726567656e65726174657c693a313630323835313539353b),
('b301bded29317703f64f90c5239850e6955bc010', '172.16.168.108', 1602585972, 0x5f5f63695f6c6173745f726567656e65726174657c693a313630323538353937323b69645f757365727c733a313a2231223b726f6c657c733a313a2232223b6e616d655f757365727c733a32303a224d72204d656e67756520636f6e7374616e74696e223b656d61696c7c733a31363a226d656e67756540676d61696c2e636f6d223b736572766963657c733a383a22535f737461676573223b706f7374657c733a313a2234223b67726164657c4e3b6c6f676765645f696e7c623a313b636f756e747c693a313b),
('b69388105812e1147bf15e1f7262b3e2ee8ae3de', '172.16.168.118', 1602935916, 0x5f5f63695f6c6173745f726567656e65726174657c693a313630323933353931363b69645f757365727c733a313a2231223b726f6c657c733a313a2232223b6e616d655f757365727c733a32303a224d72204d656e67756520636f6e7374616e74696e223b656d61696c7c733a31363a226d656e67756540676d61696c2e636f6d223b736572766963657c733a383a22535f737461676573223b706f7374657c733a313a2234223b67726164657c4e3b6c6f676765645f696e7c623a313b636f756e747c693a383b),
('baf5d08085b9619eaf1c7412adc2a5de764f0490', '172.16.168.28', 1602677205, 0x5f5f63695f6c6173745f726567656e65726174657c693a313630323637373230353b69645f757365727c733a313a2231223b726f6c657c733a313a2232223b6e616d655f757365727c733a32303a224d72204d656e67756520636f6e7374616e74696e223b656d61696c7c733a31363a226d656e67756540676d61696c2e636f6d223b736572766963657c733a383a22535f737461676573223b706f7374657c733a313a2234223b67726164657c4e3b6c6f676765645f696e7c623a313b636f756e747c693a313b),
('bb6a6a25d1c92801424aff295d41e43d96f954fc', '172.16.168.111', 1603017643, 0x5f5f63695f6c6173745f726567656e65726174657c693a313630333031373634333b),
('ca57b49b24a2a2f85a0847661e053f44adbe620d', '172.16.168.118', 1602928527, 0x5f5f63695f6c6173745f726567656e65726174657c693a313630323932383532373b69645f757365727c733a313a2231223b726f6c657c733a313a2232223b6e616d655f757365727c733a32303a224d72204d656e67756520636f6e7374616e74696e223b656d61696c7c733a31363a226d656e67756540676d61696c2e636f6d223b736572766963657c733a383a22535f737461676573223b706f7374657c733a313a2234223b67726164657c4e3b6c6f676765645f696e7c623a313b636f756e747c693a313b),
('d54ad9a813fed5f26737909d41526f36994378e2', '172.16.168.116', 1603170622, 0x5f5f63695f6c6173745f726567656e65726174657c693a313630333137303632323b69645f757365727c733a313a2231223b726f6c657c733a313a2232223b6e616d655f757365727c733a32303a224d72204d656e67756520636f6e7374616e74696e223b656d61696c7c733a31363a226d656e67756540676d61696c2e636f6d223b736572766963657c733a383a22535f737461676573223b706f7374657c733a313a2234223b67726164657c4e3b6c6f676765645f696e7c623a313b636f756e747c693a313b),
('df47ef143e3780adad9ccb493b87be8fa3eaf2f0', '172.16.168.118', 1602933517, 0x5f5f63695f6c6173745f726567656e65726174657c693a313630323933333531373b69645f757365727c733a313a2231223b726f6c657c733a313a2232223b6e616d655f757365727c733a32303a224d72204d656e67756520636f6e7374616e74696e223b656d61696c7c733a31363a226d656e67756540676d61696c2e636f6d223b736572766963657c733a383a22535f737461676573223b706f7374657c733a313a2234223b67726164657c4e3b6c6f676765645f696e7c623a313b636f756e747c693a343b),
('e6e6f4f0204acb141af9207b49dc20cde90be9c4', '172.16.168.118', 1602932669, 0x5f5f63695f6c6173745f726567656e65726174657c693a313630323933323636393b69645f757365727c733a313a2231223b726f6c657c733a313a2232223b6e616d655f757365727c733a32303a224d72204d656e67756520636f6e7374616e74696e223b656d61696c7c733a31363a226d656e67756540676d61696c2e636f6d223b736572766963657c733a383a22535f737461676573223b706f7374657c733a313a2234223b67726164657c4e3b6c6f676765645f696e7c623a313b636f756e747c693a333b),
('e7c0be2b56473ce7a03be5e057b06618a6c0a116', '172.16.168.118', 1602940827, 0x5f5f63695f6c6173745f726567656e65726174657c693a313630323934303832373b),
('fb63e395521e8436f10c560ed9a6eed1de880a92', '172.16.168.108', 1602591383, 0x5f5f63695f6c6173745f726567656e65726174657c693a313630323539313338333b69645f757365727c733a313a2231223b726f6c657c733a313a2232223b6e616d655f757365727c733a32303a224d72204d656e67756520636f6e7374616e74696e223b656d61696c7c733a31363a226d656e67756540676d61696c2e636f6d223b736572766963657c733a383a22535f737461676573223b706f7374657c733a313a2234223b67726164657c4e3b6c6f676765645f696e7c623a313b636f756e747c693a353b),
('fcc0116b009f07cfa654ccfa12250935768b82c5', '172.16.168.118', 1602935547, 0x5f5f63695f6c6173745f726567656e65726174657c693a313630323933353534373b69645f757365727c733a313a2231223b726f6c657c733a313a2232223b6e616d655f757365727c733a32303a224d72204d656e67756520636f6e7374616e74696e223b656d61696c7c733a31363a226d656e67756540676d61696c2e636f6d223b736572766963657c733a383a22535f737461676573223b706f7374657c733a313a2234223b67726164657c4e3b6c6f676765645f696e7c623a313b636f756e747c693a373b),
('fcc640a8674821da4e6633c75db74a58ba088a0b', '172.16.168.118', 1602936384, 0x5f5f63695f6c6173745f726567656e65726174657c693a313630323933363338343b69645f757365727c733a313a2231223b726f6c657c733a313a2232223b6e616d655f757365727c733a32303a224d72204d656e67756520636f6e7374616e74696e223b656d61696c7c733a31363a226d656e67756540676d61696c2e636f6d223b736572766963657c733a383a22535f737461676573223b706f7374657c733a313a2234223b67726164657c4e3b6c6f676765645f696e7c623a313b636f756e747c693a393b);

-- --------------------------------------------------------

--
-- Table structure for table `commentaires`
--

CREATE TABLE `commentaires` (
  `id_commentaite` int(11) NOT NULL,
  `commentaire` text NOT NULL,
  `personnel_id` int(11) NOT NULL,
  `date` timestamp NOT NULL DEFAULT current_timestamp() ON UPDATE current_timestamp(),
  `dossier_id` int(11) NOT NULL,
  `ec_id` int(11) NOT NULL
) ENGINE=InnoDB DEFAULT CHARSET=utf8;

-- --------------------------------------------------------

--
-- Table structure for table `comptes`
--

CREATE TABLE `comptes` (
  `id_compte` int(11) NOT NULL,
  `speudo` varchar(50) NOT NULL,
  `pass` varchar(255) NOT NULL,
  `personnel_id` int(11) NOT NULL,
  `statut` int(10) NOT NULL DEFAULT 1
) ENGINE=InnoDB DEFAULT CHARSET=utf8;

--
-- Dumping data for table `comptes`
--

INSERT INTO `comptes` (`id_compte`, `speudo`, `pass`, `personnel_id`, `statut`) VALUES
(1, 'mengue', 'f2a68435892451eb65df7c775f3478c5fd4a8170a94611cbcd8ddd327cd38e1f812d72f7862e679a7da7f05e4fb25accd13a19ec150cd99844880a4312be53d5wFGFOMpdp0ubciI+KIg2Mxrc7JJ4UP4unSqT/JKg0M0=', 1, 1),
(2, 'admin_iut', 'a6f0ebd95454d8990eb6e3bfd1183b7fdc02d300f84997996df1ad50c84ec1b0f1bea2b9bcbc39a974a489867be85d160f46b8cf061df69dacca274aaf1270373t4zbpuEthJrY71/dcbIdPUdWevYuXHZshjMmfi50t8=', 3, 1),
(5, 'yenke', 'da20f156781f0625710c1540bee2d5e2c6b5b472252f12fe870dab7520d4cfe95260cac89faac5da0e7a46dbf4a106c99c3024c8606460f257b8b5c9b0b7766bWsmmxJyiBCovdDCzecr8kSS/RCJ1SS9e019lcpS65I8=', 7, 1),
(6, 'ekobena', '049a50204297b4e04e98c665620e8129a811c38699aa8c6154bfa7b2a0d65069bb4e767926be2b2dbcd91547649087770e02a00f7144dac8f34756d0abfc1803KTIc2mTZa7OfBCGjF7IiPOjb4Cx5Vb13RYtrhwmXjHg=', 8, 1),
(7, 'tchiengang', '927d19b4692f25c01dec1b6212408730321ddc45649e8e3e11552cb7b62b809dd9e52773e6773e6994d6ff73258db1632683c79f92d8ac3da858e5c504aa3391RIGHK2Ol5P6Ga3+lok93eKaGg+49Fn17JxV07Vhf4PI=', 2, 1),
(8, 'marthe', '1553d08d002fdfc2f29d80a61581f6c35ba2bdd7e9e6327a38e57b3cc1c6487a20df5ed3596fba06757db4cc13dd6f1b4c4cd97b99ea1ed651ba4eca001e00ebdk5Hyvptj3WtozOIZfO2FJSQAA3wt7Kl42qXOiKGlSQ=', 6, 1),
(10, 'laurette', '4b50bc2fe766c2e5e60b3ae4f66cf38acad154ea8c2c8af7f146139366b18d003fdd89b5931f0486eb36d96f548f9cee70ec1ff776137ca76861aa9596d4ce59YboQfdHcvTPETqujnPhHWF74yUt6xf01sm1JyoBzMS8=', 10, 1),
(11, 'Msaid', 'fb4eb541b5a025a9152e4f89fcf4e2add59c6ae79bc62358432eb3dd77d5b68242e9b7193b44ceed8d09c101c9c6329a87ee3e173e927a585bcaedf17f9bbb588I2wOqo1VZF9LmPMcXE+EvcaHyZMqwvN1Z9pyxmUcyg=', 11, 1),
(12, 'richard', '76a1671ccc75ff5572c05bf02a2545feb8f0ca0462552337e4a824ad09c7c669a34519ffc8146a80c4970d4ce9e84d1c3cdf003702dc067ee3b17d0fcd598006kB6GHJfTpuOfaNlxMHNF4z5WhqpMtCpsy36yuaDRcK4=', 12, 1),
(13, 'yaoudam', 'aa98f41c64876643158331a095d3315c448ccf691139e99dd535c086daefb09f4b48ff5f1c9ff2c01a1eddc4f9fe0df0c70006c444ae117f8360aef6f833a53cNRPQCPWh3FdXswIZFWuoF7qUiTypPNj6vm89AgmNp/I=', 9, 1),
(14, 'adjiM', 'fe6e495bafb446aaf024b917551ff0fdaa15f1c8199dde74a3b982d7d1168f8f24b00a2e579e2a0ffcbecea9ca8d3220680aa2298dd46c6c322335d2fea67259bdgnqcYx3/qNEMGJ1K4t7IzK+EjIpr9JU4njcOhQGdE=', 14, 1),
(15, 'mouangue', 'b46ace3728abb4150257ae2fcfd5664f98f76ae5f5563bac363f5857a90b16724f312b3193cee973ec55216ab727da05ac23816ece9210b1e8cf4f7a14244868b/1+3nrZKGwEkxTOp1DJWyEnUrY42KiqozUtdu9IjH0=', 15, 1),
(16, 'tatsadjeu', '02af5fd535382117deaf4f176f6c7b4bb9a691bf2d21d55d40519ba7dfc40429b98cebe6871c104e3394027d348a082e3c2263aa4881211738b21f03705d97c1WkPs7F9/nJaQV1GvI7CfrlAifusSFmbwnmI96Skblt8=', 16, 1),
(17, 'abboubakar', 'd601810ea97208804c4353c425b8b5dd98f0fbbdc6ee83ca93a5227c38ee4591dc0aa15ff6f95378d2eaf4b032941d4bac585d48801a09366547e74872b1be0aOQiUZbU8+Qle5c4ZzC0loP/uKWMaeFJ4+3P0Tit/cXI=', 17, 1),
(18, 'kani000', '9424bec053ac8ac99f2aa9e2b4a7f0ccfe2eafe5808080727bc393567166f377034d8a88d7eb7a950f31a889deeedd6264b2439643cf68dd4aaf9a81abf52d7e/1XLUwXIwkJcX9gjYMdKAX1ZEA6XWFlObxFrWuQoH30=', 18, 1);

-- --------------------------------------------------------

--
-- Table structure for table `correspondanceCMP`
--

CREATE TABLE `correspondanceCMP` (
  `id` int(11) NOT NULL,
  `mention` int(11) NOT NULL,
  `cycle` int(11) NOT NULL,
  `parcours` int(11) NOT NULL
) ENGINE=InnoDB DEFAULT CHARSET=latin1;

--
-- Dumping data for table `correspondanceCMP`
--

INSERT INTO `correspondanceCMP` (`id`, `mention`, `cycle`, `parcours`) VALUES
(1, 11, 4, 14),
(2, 11, 4, 1),
(3, 11, 4, 2),
(4, 11, 4, 3),
(5, 11, 3, 1),
(6, 11, 3, 2),
(7, 11, 3, 3),
(8, 9, 4, 5),
(9, 9, 3, 15),
(10, 9, 3, 16),
(11, 13, 4, 4),
(12, 13, 4, 12),
(13, 13, 4, 11),
(14, 13, 4, 10),
(15, 13, 4, 13),
(16, 11, 3, 14);

-- --------------------------------------------------------

--
-- Table structure for table `correspondances`
--

CREATE TABLE `correspondances` (
  `id_correspondance` int(11) NOT NULL,
  `cycle_id` int(11) NOT NULL,
  `mention_id` int(11) NOT NULL
) ENGINE=InnoDB DEFAULT CHARSET=utf8;

--
-- Dumping data for table `correspondances`
--

INSERT INTO `correspondances` (`id_correspondance`, `cycle_id`, `mention_id`) VALUES
(1, 1, 62),
(2, 1, 60),
(3, 1, 64),
(4, 2, 62),
(5, 2, 64),
(6, 2, 60);

-- --------------------------------------------------------

--
-- Table structure for table `correspondance_motcle`
--

CREATE TABLE `correspondance_motcle` (
  `id` int(11) NOT NULL,
  `mot-cle` int(11) NOT NULL,
  `memoire` int(11) NOT NULL
) ENGINE=InnoDB DEFAULT CHARSET=latin1;

-- --------------------------------------------------------

--
-- Table structure for table `cycles`
--

CREATE TABLE `cycles` (
  `id_cycle` int(11) NOT NULL,
  `abreviation_cycle` varchar(50) NOT NULL,
  `intitule_cycle` varchar(255) NOT NULL
) ENGINE=InnoDB DEFAULT CHARSET=utf8;

--
-- Dumping data for table `cycles`
--

INSERT INTO `cycles` (`id_cycle`, `abreviation_cycle`, `intitule_cycle`) VALUES
(1, 'DUT', 'Diplôme Universitaire et Technologique'),
(2, 'LITECH', 'Licence Technologique'),
(3, 'BTS', 'Brevet de Technicien Superieur');

-- --------------------------------------------------------

--
-- Table structure for table `departements`
--

CREATE TABLE `departements` (
  `id_departement` int(11) NOT NULL,
  `nom_departement` varchar(50) NOT NULL,
  `abreviation` varchar(50) NOT NULL,
  `service_id` int(11) NOT NULL
) ENGINE=InnoDB DEFAULT CHARSET=utf8;

--
-- Dumping data for table `departements`
--

INSERT INTO `departements` (`id_departement`, `nom_departement`, `abreviation`, `service_id`) VALUES
(7, 'Genie_Informatique', 'D_GIN', 6),
(8, 'Genie_Chimique', 'D_CHIMI', 6),
(9, 'Genie Industriel et maintenance', 'D_GIM', 6),
(10, 'Genie Mecanique', 'G_MECA', 6),
(11, 'Genie Electrique', 'D_ELEC', 6),
(12, 'Genie Alimentaire et Controle Qualité', 'D_Alimentaire', 6),
(13, 'Genie Energetique', 'D_energetique', 6),
(14, 'Enseignement de base', 'D_ESBASE', 6),
(15, 'Enseignement Généraux', 'D_ESGEN', 6),
(16, 'Science de Gestion et Commerciale', 'D_SGC', 6);

-- --------------------------------------------------------

--
-- Table structure for table `deroulements`
--

CREATE TABLE `deroulements` (
  `id_deroulement` int(11) NOT NULL,
  `periode` varchar(50) NOT NULL,
  `examen_id` int(11) NOT NULL,
  `salle_id` int(11) NOT NULL
) ENGINE=InnoDB DEFAULT CHARSET=utf8;

--
-- Dumping data for table `deroulements`
--

INSERT INTO `deroulements` (`id_deroulement`, `periode`, `examen_id`, `salle_id`) VALUES
(2, '03-Oct-2020', 39, 6),
(3, '03-Oct-2020', 39, 5),
(4, '07-Oct-2020', 40, 3),
(5, '10-Oct-2020', 42, 3),
(6, '10-Oct-2020', 42, 2),
(7, '10-Oct-2020', 43, 5),
(8, '10-Oct-2020', 43, 2);

-- --------------------------------------------------------

--
-- Table structure for table `documents`
--

CREATE TABLE `documents` (
  `id_doc` int(11) NOT NULL,
  `nom_doc` varchar(255) NOT NULL,
  `date_archivage` date NOT NULL,
  `date_archivage_auto` datetime NOT NULL,
  `modifier` datetime NOT NULL,
  `description_doc` text NOT NULL,
  `status` tinyint(4) NOT NULL DEFAULT 1 COMMENT '1=publier|0=depubler',
  `categorie_id` int(11) NOT NULL
) ENGINE=InnoDB DEFAULT CHARSET=utf8;

-- --------------------------------------------------------

--
-- Table structure for table `dossiers`
--

CREATE TABLE `dossiers` (
  `id_dossier` int(11) NOT NULL,
  `annee_id` int(11) NOT NULL,
  `niv_par_id` int(11) NOT NULL,
  `etudiant_id` int(11) NOT NULL,
  `mot_de_passe` varchar(255) NOT NULL,
  `statut_admission` enum('admis','recale','null','') DEFAULT NULL,
  `statut` enum('admis','echec','compansable','null','') DEFAULT NULL
) ENGINE=InnoDB DEFAULT CHARSET=utf8;

--
-- Dumping data for table `dossiers`
--

INSERT INTO `dossiers` (`id_dossier`, `annee_id`, `niv_par_id`, `etudiant_id`, `mot_de_passe`, `statut_admission`, `statut`) VALUES
(1, 2, 2, 1, '67c817d2ae6fad19f55ede2a9f0d14dbf447fb819dd8ff8070d009427d3ea61a2f9bf8c5155da81c90c085c45c8d809dbbc2ba1016eb3bcab7800eca97143d1aAXpncgqNRVt1C5HNKS1s6NibpL1afIhAEnqLAiuoclE=', NULL, NULL),
(2, 2, 2, 2, '62772506a46004f02ae377a4e9dccf26e08cf1a4c8b1ed37d629fe639719664f65679a9222ce32b784bec44fce2b02772afdf4c8817e96dc9052cf9770c2ce37Glb1uATz3LM3OI5A/iBR5CVwJSmU5zXafRvAvnvkuy8=', NULL, NULL),
(3, 2, 2, 3, '149a63b7403838ba4accb442ab2c0b137776c14e7eae537f64148eb1ad7e8fef5c6a6c1809db4f6bcb9d9f8c1f176be673e76509d2f6d1921beb24d35ca60038HYSr1cdtP1uSpS1aeyjcIFI+nHxe5h2u4ZmLe71FJhs=', NULL, NULL),
(4, 2, 2, 4, '04d59778e0a543e3d20ae727afc3e97b4a71323da3ae6b633d997c7a111decd40b869ca5e5d8e7a6b36be2949d3688f7ca4f5fc2c64220ce7b3a43da6f421726pYYctfLr9a1uL47Y8EaleJZPFI7vBCZgF5dtrvPImjU=', NULL, NULL),
(5, 2, 2, 5, '8d00cbe9959bf895ffefb8f048d5edf5173722b227c74341fddfb6e2b3abfc5f0bc27e7b60ebe17aae7865e307355d77fd589938097f9ad6d9dba9f3bb5b235aoXKh9sYNWDW1O5vFrwaxclD3dx1+hrm2mQO7VBPamHk=', NULL, NULL),
(6, 2, 2, 6, 'c339ee4af6b26d72ded9df012486eb70a3939638357e98d816357c5f946f870b162bf321ee4eab8372bc2cf7247c3167e409dbd79bf7b66517c48bcce5de1dbawpLZas+xvqpK2djLGQbKoEUpQT0lEYt9WBCQwPLi/Cs=', NULL, NULL),
(7, 2, 2, 7, '03f29912754bdcedb28143f4de6ae586b1ca039bfd5c63a70655957ad913a4c9f051ffa8d8a480db74a2ea13e334167cf8d92a36b2b9e287d91f8ef007bdda87hCZiXwBzs1uvdg2pKDukwNEGpNgN58Ws9dHvw72rHCQ=', NULL, NULL),
(8, 2, 2, 8, 'c35eb9cef506d6a145bc9407baf97c8be30a247418194d5b58f070759bd2d02a9f49ea96ae69bacc9a2182c8b91ba01d53962749581b0e22393998d33f38a320dWAfNQWl2q9Usk3SDxULGV/FHGqzS+tibuQPG8ddv8k=', NULL, NULL),
(9, 2, 2, 9, '40d89f6cdf9b1282e6e6a06bcea424dad2d2964bbc4c3905968713d4c1c64eab0f1c98bec90ae1f21a248252db808c793d33676cfc7c649388a0c21123b87f28kFQCQ42TVy1WPvDgbK5BhmPJiLVshfQiuPaD3iLtnww=', NULL, NULL),
(10, 2, 2, 10, 'e205d11976319d981fbc4521f08b47da205d833854e9f24e6696259921114a36c5db915ce595610fe79ee14bd56c0836dddc1ec5c0f33488816503f298ebc4c0f0kQrlfZFozWISOJZvYdNeMKRU+ayW0XFrEutgQ+dFU=', NULL, NULL),
(11, 2, 2, 11, 'd312f7221d03718739c003d382f42e49a284ece239ab88f69e60b9a5a9427d3d101d21e3d17c9aa736150d441e5c5e697e39e7cdcc9d7d41c6ef8b744eddfe3fc1Bj61DbnK9bpsgzgi1DpuaLa599CNaHrwXASpzmha4=', NULL, NULL),
(12, 2, 2, 12, '8a50600d139c64bc4bc5d58b031e2d6d4bce8517afc230a6d7ab2f5ee8982201f89fde0aba1a88435a9d3e0789f4cc5cb44a2bc2e32e5d6be480cfa3685c249fV4bVgPZSCqAEmklIjEJAHpYxFuMSmLb0XyKmgqZlNVo=', NULL, NULL),
(13, 2, 2, 13, '7fc8540674c5480ad06ecc6b3231d343ff6d42444e718f51bc6343342200c46bd5506445bee6dc90e6255af19c9bf49eff3ad299254aa95135e968f01520b64cnY8TnCsjM7RKIOAuP19xCHUbOAwgm9SGFRGDVEg4VJw=', NULL, NULL),
(14, 2, 2, 14, '1da96d0a25f085854ae2472f6c6cec1d539b7b327412605f9c3514e5281abc3aaabcf85108f3fa999d3f9f53ee4759e025c1a3af7c5aea8e5ed83921cdc7841aTEGvfqsK6LxFjakmjl13Ji/BnTFzi0LW90KWBJg+xoc=', NULL, NULL),
(15, 2, 2, 15, 'd8e08a74a2d4c16a658412e4c4e877c1f6988620a1b48c6f4a4f7a9aab07c4a69dfa033f77387bfca4e89fb26ecaadf3458f1b6c60c91f9e4213e3a4e8f35abbAECK1ecSl/I6zxgIYl1zG/hP3HisfZYOy1LDn9Q+Y0k=', NULL, NULL),
(16, 2, 2, 16, 'de8b3863ecd03eb753382772bc3384945ebd705d3cb5192a27b2bb227f45c49ac0b9fb955da3bcbf8abe07db3bf8d9f358826d11796fe5ee5ce9f674844afb88kNJSvbKKvwWMod9gZqnXLpAzg9r7tYKja8mlzsxOsGI=', NULL, NULL),
(17, 2, 2, 17, 'fe6c7455172978a4ef198b84aed24843813239fde2ba7e6715e21acef5f11235ce5750aaaf1bd8d77e94df86efa529507e5f569bc9bfd1a38367175c77a7346dtgSu5ijmAJHyLMK/bqvtaXqvhFOssqLkvXw3oRJe+lA=', NULL, NULL),
(18, 2, 2, 18, '378f10486bc8389406bdd663a8d9ed52e4f0d4ebc3ce0f7a05bfb1f66d1ed17202240845d0f984c3ee90d3c287442bd3fa2ef14047434b1ac8089e3dbe8eab35iRaYDHomtHk4aeU7VVW+hajdWT6/kWBFmhGO/b1FaGc=', NULL, NULL),
(19, 2, 2, 19, 'dd905b3a49b59b24060bedb897c6911ca6285fc5fcc31588f5ecb2c57a9b0c9e020b71a842f8ba85c60b25850e3ccfa9f2048e9bd722f16fc38687f826457636XIF+gOqCJyPNH2y99v1dNjFGRtqg/jHMlVrojoDGqp0=', NULL, NULL),
(20, 2, 2, 20, '2a9c02860d8030755fbacaf1472fbb28049106d7bb69ac7827751796f14c39a560f521d0472e8db40051262498c52bf9988b09a78f13dfcd1706ef8dd4204493NVYqL/HVidsQ5fjLRIw7Zm6NBpnGrJcxZWV1iY+X7R8=', NULL, NULL),
(21, 2, 2, 21, '6c544ec2f6258469635319fa7c154bdf73c8d2e21bf6a45bbeff31558cce4626e09fdefecf57b1213cf7c26879891bba4d224e8fdda80830741f70fdad3c5685CMgthdQ0C0NU7oGjdphUGzywVJBwcKQXu6SRQPUY1Mw=', NULL, NULL),
(22, 2, 2, 22, 'b0b4c818ce5299a34f579903767cb29970f746f68b56059013de747fcb8c063252c4a006837c26611797a480e7359a7229745f1cf83e678bf2641c6145095c33c+glKPLCnnM9t7k47VKFR9v5puFiJ9kE8pqnyPe23do=', NULL, NULL),
(23, 2, 2, 23, '25a6f11575dd4ef9786317005292422f4e2e904a2e9b871b7f756316bd04726fb3218fd09350012efa56e0ceecb545a1fcb872d45b023b9670d16c35a863eaddftc/EWV3hoSowsj6HPyzza288TYFnhdgY1J90O7/jMU=', NULL, NULL),
(24, 2, 2, 24, '2306dcdff6511c39f890c2ae379828e9e3a9c35ab9c320ac2479b666723b4fd10bc563f47d4ea170827d98b39c51961259e1ef85e8f8d83a29891c659b3a914bp2y42TsMkUKL8Tufs4dB9/kgBJ17/BKEU+3soayWGxo=', NULL, NULL),
(25, 2, 2, 25, '9d72130f28d053ce259561025137124c93c7bb3cf7f9fab67c80a8413ccd48386d920624cc55d9871c63e16f362057eb83eea8b6cb6b8332e118e166fc1613bf84fm39whzVF+ovdB76v6HOMGwyyIYdK8JUKGwNK0Jsk=', NULL, NULL),
(26, 2, 2, 26, '8182cdb21862f5d4349bd566632fb3a2138763dbe75ca72991e363225d256a2a0288db1e38ccdbc8354791bc68b7e1556e60dc987af7eda09981ee78c69a8e74Y9QFv3DPAX3PcFi2eCulYAlFD/uB90iKUwKsdSNv0hw=', NULL, NULL),
(27, 2, 2, 27, '33e363704375e09c96c26a28e00cdd93380fccdac7d935d19ee4457a6068c09b1300c96837fd8337efe7a589b69c0ae50b2d2bd5bcc5fc1117b45db72ecba94aXdRPouZ1PWaXo264v/1ArQd9bdfpbVLgGi+MxQaGi5k=', NULL, NULL),
(28, 2, 2, 28, '6fe2cf3950dcc5d7bd87b55625bc8e37c51a7f62b0d80f3b473b10d97803b48c8a21f2c2b45cac6c60267a1559e6f6b9b0bd60038e56fcc08486bb8aca53c822DXDL986O3qTUP3GbC3XMC1jpF2G+vmpw1YdZ7wBL1cQ=', NULL, NULL),
(29, 2, 2, 29, '3e2add3b54ddee39c99e50a702f43b54078be50c2fe6bd838559f3f7b4f82de6eb8feee72be5fc0a4ee537bb00ced426b6198d4daebe86facba00f5e5b187313hn8/u+SEhE8oRcihyEoBFMlUQvckru86ie5FTdIpSSE=', NULL, NULL),
(30, 2, 2, 30, '8feaee7d54b25da8cd6d941b5657edb194818030db23447347754277e8c79dca432cc580df5d2b6754ee12ca90f78d11e69d5bcc8bcb15b06aa9b4ffd58a77baR/sMzEjPMXCQDw5LhNeWATJyD1euoJtnHVoD6JWBT0I=', NULL, NULL),
(31, 2, 2, 31, '42ab5bb5a77432b271a5ecb6e5dd455550b963991e35aa9989000fcd42d8682cdfb9b7bf90fe4abc3fb098eb064c09f6dcfb55d05622a4c5ef27ddc278b02c5frfZnJRuawwMrsRUCvaPafxHjKFTZbWSsBWgCrtXTDOw=', NULL, NULL),
(32, 2, 2, 32, 'c2c831b2694e476d4a34831b840ec55f844ceb323e67db27d9073ff225f1e0bf8d6feacd46fb7ad7eebf58c782df3f8bc2e59934f158fe245bc4f3476a8c5786xDC6j+gEj3kIVuqPL1Ds5fINAB8ybxRpzwucOTISPII=', NULL, NULL),
(33, 2, 2, 33, 'a3234b6244b54efb1cbc5e329b9ec9c1dabe8d6f31f9d9fbf3807326ecf08f81da2ec1089ecff2d1463da8cc506f7d2ee59e23c9e587de66b480dd413ac3c70eE24tVDz4akKZPhJ796b2Sg5iFxtCiy2WEknKjTUjcMI=', NULL, NULL),
(34, 2, 2, 34, '9ee1afe457e6ee44b724b0dde4c4f5256ae974613022724fcc31f9938a44f00f8b640729780e91c468f46196da622561c02783fbc67c39af49bc39906b936c6aoupaNIHbJ/a8LUbD8WO3FYGdiD+imU16h28kLZa4J1E=', NULL, NULL),
(35, 2, 2, 35, '9014afda633374198cffd92a81357b6f3699bdb7c7ea3f056137c0a8c34157f9fc22b2759234c61439e791ef59691328694fdad8e0f2253b72087b984196ec30pAvbN9qS+27WfEH2JGsSTNF6ML7e9USynTy46CjaUck=', NULL, NULL),
(36, 2, 2, 36, '3a670478601b3273b7f2e5a18e349c2e382bfad4994811d4216a8e574d25a82a00ac7396d9f2b84ca06c530a6787596be4bd31ba65dbe6691c5179314c4d164bDsV5kIJcu8VP99WoFXViIjIu25L3nv2HOtShj0piYM0=', NULL, NULL),
(37, 2, 2, 37, '9bc3b8c8ecd06a48c21245e75ac1eb6b331bdff569b71acae0470b7467ba5cda3b81dd32e8dd577e6dc12269112f5ec11fb652b1d1823a31a84398c894a92468RaTTMDdNEmYDwg7k6Cgfooe9A5z2iv02bZ99yKRFNTI=', NULL, NULL),
(38, 2, 2, 38, 'd2656e8583c3fab36cb3201cb7a7921f754754fd635ca32dee12b1a471921bd47aa29bd864f6a4679a770fdf28c8da463919360c7515bec243bf291517c723cfawS5ffuUDeX5q+8czAoclZuxSpct/OXmlj1/C4LRgvk=', NULL, NULL),
(39, 2, 2, 39, 'f2db1fdb4df0a9a3e5032e911affc19b97ee9f2d3171280db66eba24acc92fa4f8bdc3b3cbb6db781be69d7c75ef6d819143396a6f3037109e9ff8e910e9d8c4TnhY9TLtTffA5IZugsCKcBUM1lMU8jDVSyt5HAkwjsA=', NULL, NULL),
(40, 2, 2, 40, 'b756924520f5b798923cc1fbf6538f8ca3053dd9d5b76e2d30e6a8bc8a89432e5b2acf1eb37e8a72940d84e68e08cbfa04de214e9b378af51987fd7386e82b75alX7aPF8X11fhKoIWw6iFb9pT9IK3EdT3TIi8m+oIo0=', NULL, NULL),
(41, 2, 2, 41, '35310b715da081f68e7495c43e880561e397eca5ec1554a131abd82094bc80c19a289a9675768366c1c094d7016dc2c86f5f8ef74149195f9e1dcb58a2f5829cEzLDT4pad8dR74DMp2r+IhpD8vzkW6b0SGYHDggsmzk=', NULL, NULL),
(42, 2, 2, 42, 'b870ce90125c62686ce14c541aebe77bb01effaf85c0a3f585a67a474dc3866b8b7e6e91f0c3b1ee08900a3c4335c65e572b8d7aa1ae57b1c1f18626fe4e79c3p4u3Qj00nOeA2OUd3+PLDxSaek60G4yFSQcegsGBpMU=', NULL, NULL),
(43, 2, 2, 43, '184f3d67ca0e89700df5f0b53f072f86ff99120331e15b02d1ae2d9185a3ad7630a5f6ce709cbdc4001f72dd74157955038d0c3eab78105dea7af275fc5d8242JXQsbmkr3BXb38RG736swb0AVpNerz87/sar8rAkuN4=', NULL, NULL),
(44, 2, 2, 44, '4a01c9a69423d8fa102309533844d7ce7ead2ed8407be4a3e674f8071623a8e641203abbbaebeda1876ac99589af3e4ed66db8cebbdd330220b53c32b754d7b1y1LE7Gg7gYU7kvVDIF4DN67Ml4U9dGep7nhszq+PWHk=', NULL, NULL),
(45, 2, 2, 45, '7eea2e4bdbc44f3eb4f430d7457041a5a03d1aa8ac1e70a24f40a7688d4875eb07e3f970b7677c83298547d23a77f2608d359638e7ad45fb723b093c7a892997Y52Ep6dTriSjMgITlEjOrFVupMhraurbHBcHz06S1G8=', NULL, NULL),
(46, 2, 2, 46, '34c389503975fb168da7728668b86abde961638652a0290dfcb7d68954ea119dba0aea28225329a7084517ae3ffcaf4123097068d3ec0899b2097ee090c660ebpF+cyW91fYW0rbOJo2KSSRUF9jwmeNxO0tfX+8k9WRw=', NULL, NULL),
(47, 2, 2, 47, 'deb83d89cc6a3eeca953167c6459bb6216f0e97ffdd2d653e3525e4e2e8c063653c638f4ed35d047c479a449d0534942484f3c7875a4f847a532cf7fcb6bf2063IsYLSSQR4o29CIQ/xFpglNK+RlLSpCCjgprK5n+deQ=', NULL, NULL),
(48, 2, 2, 48, '03b04a7393050b98a7fbdf694246d3b0dd56ee6bf84e12551020b253852e5832666f8e586388bab1358d68ec9ab4db68f7c513024c7853662579eb1f4f32a8e9IgXKWO7K+eYGsSrhwdvw1n+Pd6vA6wj3CQc3bFBj1ww=', NULL, NULL),
(49, 2, 2, 49, '72a07d79b11b0676b0c1ae284899d7bca941e96be231aefcf6f0832ff468f9b1b58166bba18caae98b22123065dc6e545faffd28fd53ad2e2d77223bc8aeda90Nbb7kmaZ/W1YzqFRvPoEKdcFwip0XEHm/KXa/vCTRbM=', NULL, NULL),
(50, 2, 2, 50, 'b93036e55b0739dc22812b6567fdb92bb29d4a203bd557673174d2055e2a56046f2e1461867d6e5f0763b48b0a2d43b4dc22e5fae9a1b9c85898fe49fd584ca3jnh/j8K7N2yB2A/cjMlle6ESLos5Q62/5qaGNoDZjco=', NULL, NULL),
(51, 2, 2, 51, 'd2a74cb9277f8e330023059eaa2c91a84f8dd2d0ca71252b524e5fb357025c871691bf9c588c1fb0456753e2e15bc5f10f9a32f7bb75f2bbc710b6b4579dc10dxLC+N15ZJk01ckodGWj6qxg/mD3vQXlJnA/Xt0nWagY=', NULL, NULL),
(52, 2, 2, 52, '77c29cadbd008fe39580fbf5a30fa77465685022523f51831e9fc817de72966d6bc7301d73b341674e36df0e45a543599ec6f1b3c44aa3e3f6e33ee025ea1862tgstQ0/yaL3bU/gTkrUQRbBBugzUlOkerwBYQQ7tS68=', NULL, NULL),
(53, 2, 2, 53, 'f0a57b5084fe0f37b34bf6061d5f83bed1c527a991015b4b0afe657c8a0f5e12321dc42c5ea3ebd20f5bf4dc9da94e93351555499ecb3b436fd152565f32432ejXx4bFEt9t7nJ/OHJdteP4UDJqE0vdDxzwakNz86tCY=', NULL, NULL),
(54, 2, 2, 54, '2c8d11252bf9cdec44c1adde425324de5bd350f46201b468f790653d7d26f4a78e54c7d0f4bea843ca6b374ffd96757522e1de157359d7c931ba136f766dc8f7sAoLLZUL2CrSI5zkKing1bBx5zZHgXWfZRmhoHw4ovA=', NULL, NULL),
(55, 2, 2, 55, '8ae7bcf7be0dc4904954bc45542a68c77de1a5168fdd41c03025f81ffdeeb5a2a82b2e08085b7b0dcf27ee21a4c61072f20e69ab12168463189b082e7da1b72cWUUJBjoAdgZL2HXgsKKza2VDGgGjeSCwzpKKfUJMvCc=', NULL, NULL),
(56, 2, 2, 56, 'ad2b59c4dc92d64a5661ce3e0d4be1efc6d2168c7b1bc45171749d1acd2020602b3da903001402fec95b75c8f72f9c7d67ec3c2489014968e46e1fcb8fafeb1cc2TreWKA9ndQHlzn93szshzS9YBHOoOaJntHSAwVW08=', NULL, NULL),
(57, 2, 2, 57, '3a9e40ab7726f9653d9d1d22a10bfffe83d3d63e0f7ce20ba0b680d4d4513829aa271a004e274a184a3710275dde152e84537c3e9575fcd29194748b1218849dHJVxRSI90ghQnb6oxXbDASApK1W9hG2p7uWfgLBMF7E=', NULL, NULL),
(58, 2, 2, 58, '263b007296f6ebd126148252571636fcfa68dff39d83f53f22c4612cd5121d4f61fa96cc476b45dbba0acf4b3590eea7cf57a78875c5a694d56a56b80ebcdb8514HMTgY4KHwXSzySZJOk57IBvLPYqkMRMzKcfM6RT9Y=', NULL, NULL),
(59, 2, 2, 59, '759dc71a5f2508efc09a0c5119ae4019158ecb541c0ae814187b7b746585d5d13e0773a93bfa968c935cae118d6039d62084ebaa7e1ae901a38a818a30af4e1cIOe3u8mMadqT1l4NWYyKtRJlBPTLaePyN0gn8YlfUYU=', NULL, NULL),
(60, 2, 2, 60, '07a005fa094555c4102b6ccd2f71684fa6bb0941cefece87cf6a59e7b4a6a5b35c61bd38bd674d2e56b7b3c32891d99ce9cc11e94ac30daaa9ad9b196a824b31SwARofYqwNpkc72Ov3rXwQ6F1K2Yqc3ouqUSENZ4z3M=', NULL, NULL),
(61, 2, 2, 61, 'aad2513b5df885b6cfaddbe335f5aabcb53d5fd956a68677804d196862f8618d9cd72c58a26dd5aa91416d4ab71f6301eb2a7849830f420c908872bc5d28651frfv7y65aNpLgAKFLGP9N8Ho8u4XtrRkYDUBYF7EZnZI=', NULL, NULL),
(62, 2, 2, 62, 'f95c58459e6961ae5634fd1be0aba7d58d3fa697efcfa5869860538abeb68af4167a06b201ad60a74579e7c5bc60c03b8bd966dc1877f4f00789bbe08437f2d8wuH1WfPEY04uPeSV8m7iQFp3RNYIwjrZ4uTOljJAIGs=', NULL, NULL),
(63, 2, 2, 63, '0595a830a31307efc0df618b21bbe3234d2b0016025e33c5a5dbdcd9c57478967fd5c5899d848facf8d37b0972b74038d16906b1daccafb2e996c87309790482hTbU/0QrMP70BgiLTbRMH0gNRG7mUvS/2g9KhywQ5zU=', NULL, NULL),
(64, 2, 2, 64, '91a9906f59acc46e3d430a8834305921347a582b8f290260cc252c4f9b8f98b6d244fc77333a437e6e0737d9c4e0786bce3500a88c6bc59519d5cc0f7ca40c46g4Fung9zFRrJVnKVusMTiRpiD+ZDXYRujtfxIx4d0i0=', NULL, NULL),
(65, 2, 2, 65, 'c918decdda720b12cc67062b175509fe50f62aa22684994b5ad8d41355399991e58c5e965c5bac1d1673394dd10d0e0ce44e4c27fdc456f14e35944958b87dcbYSrgc2N/3dJ1d3KWS7+vdRqewpjom+aW83/bdpXs1Mg=', NULL, NULL),
(66, 2, 2, 66, '65f27b06ffbf8329bf33f43480786606ff62f75465328d35fe0f586e8848a1df00943e3223d9530840d990b8be8af127fee181b1127915dda856008f9f844818gKXfSpSonzbL1S68HAmX+Qzmz7hFvmUyY/QwCfZFXoE=', NULL, NULL),
(67, 2, 2, 67, 'b1bf9d1927ec9a503313f3f21a3e47b278f1593b97b82f6245eeb09d5be0ff1bf82d9ff2d75b5d5ef56ad7f44303c04a3b1fa5e22f3ceb80d8176073e252e578TbZG85IhCTBJwBhojV3vV7DYnhgbzawew9ENoNGRbW4=', NULL, NULL),
(68, 2, 2, 68, '8f967a1404bb20d70a3d3d8eee45ed268ba652748f52a6617d2c6070cfa3ece7ff4fbb8bc4b0c44b0104f9a0f13107db64c9561ab5c4cfea61cf8a47090f0642Gf1RjGpJpkwqvHIffcvvru902RL0JvknaDhLoFmM0/A=', NULL, NULL),
(69, 1, 1, 69, '0016e02da6ae1be5f2dda401ae63ec6d67c7feca4bb22647a5b8ebea6107406b8a8fc64ccb4d5ee2cd82509ea8243aad61db3dc76b51dd48d108499691d5eb0eWUZs7tZArVsJH2BxqmqkhGizCPXzm/eCcQ9TRTXsd0M=', NULL, NULL),
(70, 1, 1, 70, 'e074974a78c4dcacd2ac85437b1f71d208cf5cc5db5d9442cbffb3a8e47446a5ff4fd640a3d5f6d2f157a9af826d2e4ae5434b35c3195bccf8354364a91f83c0PAHuDoPTxta8FsoxJW9TbCBioF7vW6IOaiOXYgu4CWo=', NULL, NULL),
(71, 1, 1, 71, '790f5710d3767357735ec8278fef09ab3ec5358931bcbfa9f523e7d7b836eae864b85a20c422e6ccb06c72570b1346de8b4747c68caacf03f0aceecfc3414d99d4jUTdADQ8oml0cdJjNSRw+wGuM+VGoipAxc/6JxbAM=', NULL, NULL),
(72, 1, 1, 72, 'db4e07f96c747b4dd0e25fdac52fefc482f1129d9fe4848e98965dc7c88334aab9836ff658b38dfc33345594724475ac9ff7f6db3f570b3b57a707a6a132bd4e6gXlN08rNoPtpPxf7iLdBm4EFuJZUdpou8G9bebGg1I=', NULL, NULL),
(73, 1, 1, 73, '4321e86052476441da48c7858613c4a35deb01cd3cb0818fafb39b83f8b714a6c29e25757670ee957aece48695421c6aa041aadce170a4b5f51b37a4bcd5db506rHU2JIFM4QRYj+n8kUu693EGtE5ys8gcxHzOCDCOkA=', NULL, NULL),
(74, 1, 1, 74, '730262b073fef71888885dfb9fd93e21f4aed18b7815e25d32a1d4b810cf1f716b6b61ec646e6e3a45659cc2c7c7b7175d0a05e13850fbdfd83d7768746e30b7y9aE0EkK3lignx/A6e0AdJc8KG3391MQTltF5qgkYO0=', NULL, NULL),
(75, 1, 1, 75, '01477554572992428dcdea66879a99a0d8be5b8162f7818ef9945dc5012581d1d6cc95f899de178431149f8099a9ae427ffcac6983d9952fd7b4663ceddddda2KxypCWbqxtrvKCf9EDnXIDaoxx/SN0HHSty571HPIIo=', NULL, NULL),
(76, 1, 1, 76, '62ac5a05f25010aa5a0666d50771b509d6b3e8dc88e79a2a56feffdd30577f0800b2cb28e16441d908d3e9b086bb0b4583a9c98f11551cfe2602f549bb59a4489lKL2BEicvvLRAKB19nDw+qtg2ZREgmko4CnD2dsut4=', NULL, NULL),
(77, 1, 1, 77, '83d7402978dc835f33aa5834f5e9c6d94db87fa57bec9ba11825c10e62847dd34a2341bc4d29f538bc359f9dbf841af51c63fb343d748991390f7d02b404d4b9avxDVWGwfZnfN6SDFszjqqrJ+2ivpR60HpkPIk78/JA=', NULL, NULL),
(78, 1, 1, 78, '0b26ac521c53378fbb4603cc2bdb5fb36f5c0de5f2755bf0e0dc7580045957e54eb3080d522ff8537e91440704442c93476b97906e663d221a44e647b0744d08Q8K1KOvqPDggg6E5YtJVbFthToj4eyMf/eApLY2e75Q=', NULL, NULL),
(79, 1, 1, 79, 'ded7cc18416eaaaee4322f1867640d25d16d9e5b3fe042c26a65a633c9d2845c19c33bb7d102c91f4f574862b5e26a8c9df54b7842d6930cb1e567545f5c2604913JjopXFwgnhmfTgorPLUcfMwa2VnaLq3yXmz4ZCW4=', NULL, NULL),
(80, 1, 1, 80, '452e086377bfaf6c777961b896cf9e4f29e1a7afa37a40eb66a85fa2890236061c7144aad113536d4a17d82d8d84642b1a25599005f37424ba0a55a832118e85ONeM17q7g0kjvsjOiuHy/yivWGsV+5aRLTxtWHNlOMA=', NULL, NULL),
(81, 1, 1, 81, 'dd02abd26b40e018b10b579147f3f505783866294508dfb6ffeb188ac8dba767793e9be8a6b9a7fdf3637580c6cbc402351e4f92fb13d2aef6cadf29384e917cfqoxBGUkBAbybAl29cdAbpjqVdcbdzcaPJxfTxoTKhQ=', NULL, NULL),
(82, 1, 1, 82, '533c4edb2ebe54de9954b360a2e66d72485db8e43e199c09ae2bf0938010ce66f5fbdd8af2b10ad07c6600bbb6fe7db362d7e18b1a6b9622bc1b8898fa202002BxyBisZkgfBYLZrGrP8SNVVQatJYQ7MCtlhPkf3gbtk=', NULL, NULL),
(83, 1, 1, 83, '8df56f3ff95712dfd2f197d78e285f0904b76f9c5d6d1fd81fcc17c83e2d4116f21346635af5f844052ecf0d43582ad4ec7138130d35cb560b57ab04a577d7f23Km1wdGdXia8R0LRD5HQwTz7SQeVS0uwPNS8wuFs8XQ=', NULL, NULL),
(84, 1, 1, 84, '85985bb5c179f8601d93f7ebc2eb188fde97321c2916651dbd2e90196457fb8f84509f7102a93d24769c6c58683258571ff1bb9bd5f0ac87e0bfe678d762716aFfTL3GIN2VrvtyEWCPWmG8qNnXccZsOQr0++gWwAurU=', NULL, NULL),
(85, 1, 1, 85, 'bf7b35975afd098b5388652745ba234ea119a91e271dd591d7e2a106255e5d9b2d116f4e02bbb8fd2d1e31cd86ee3618557e4537600d63044e3e4eb2c517e33eXbXsGvljiUwWgfzM2vOK4bKvl3kt/EZKMbMQPxd4Tp0=', NULL, NULL),
(86, 1, 1, 86, '1303d54def7d9e7142e330bf55476c45e1659c78e8c9e1d5db37a7327ca6002b4de89f4f0bd3c8a5db78b982affa7bcc236cff56bbb8b11b56f8e9345c5a801dG/LVwRDuuqHYgL+mRDAhjflJ+plfC6znPV8UqD3V3z0=', NULL, NULL),
(87, 1, 1, 87, '2da503f7c148ad7fc298ce2602d613ce3f77281bae781ac6ccc470f5c895cbbaf40ab78d714e2661d0e6d3690d0022f80000c3fbce7e99075045269f441ced4eRnx6j14j+RFvgqyVt2/Z2NzHwhVp01yMvETa1njy2DI=', NULL, NULL),
(88, 1, 1, 88, '958cb65b77479334a5e84a796a5afef51a29cc435cf26d70e84c00021c895e9d29f75c0c510218b9a064468491c6e57c5bf41f3818a6f464279e24a75ae5492apECBeSEls/diXqfKGC2bKo5zOUOSw/OJWZlpUuuoiAQ=', NULL, NULL),
(89, 1, 1, 89, '03b5a3d3b1740373d3c75c14831d50cc94719a782c7c92361dc310e6f0379d53bf21ddd9b831bc9f339fd7fa1974f23f6c114025a3d4908fc3beae6d3fe2d323TIUCAWrDtD/GZqW0gNzbnTq3536/dN7g4E7QISFhes8=', NULL, NULL),
(90, 1, 1, 90, '68f4e3c7697b13d43c507c4e97ecb73a530db0083b094dfc9a018c184fac2af0a6a18192d21161818f5d91e3c0193d6ada7b3f75354811197991e4dd548f97b2YMvyaN/hGbvlxhhMeOtGu5qZF4zWcTCKf78+2k42PSY=', NULL, NULL),
(91, 1, 1, 91, 'ca9a052e29979a9e35f38eed096420efd8ce2796e6ae597519846d02d9f872144bb1df29d2852e98e92c2ef976324b029496e43d86504529f02808bea9232f4fp3KWo5kou8SqXgb6UkxN2Nk7xSNQUfBo1hhzDpn5FWw=', NULL, NULL),
(92, 1, 1, 92, 'daa182de283cc36c048fd0a70a4dce20e77e0a15d05095046074675d9f8678e9b6061c31c924dac176737c12bb811781ae72156a621d0d4e5f27db3b428fdc32HOQWzANSAvROtUSzWCf+er67B4ZLsih6a3YXtTiPy7E=', NULL, NULL),
(93, 1, 1, 93, '7dc4c19c9319e8412b9d974c319263d5c61c6077c6e109dc71d0a52855770c8a283911537b69dd1fe992d89e4df86d636eef6387c22c263952a244f0315a52044bhPnn66+N8jPGYEbuHmShJHIbuhBqxMsa547PMuY80=', NULL, NULL),
(94, 1, 1, 94, '2ae9b7c6c6ff5b0c491f60842927f0701ba8e7f0f46b43a18bf9b044078674838cc661af8dd326b22a98c4402b50366cd81657e94c7e19374197c6c2a58d3326BPNl614Fu68hDl95RhM6NjyMiaZH64NCcOcwcQS/sT8=', NULL, NULL),
(95, 1, 1, 95, '0abd029ee3acac0016aa45e833d1dd24f78c27f12f0e52d13c5e00bc385b77653ddcef95e6844b8e9c4a9734f131b46c67c348859fde7aa7b194ee822944b738SrgZJ2GNC5nJYAtgAnq8LTp4v2KrG4T8u6Ojdyk1noI=', NULL, NULL),
(96, 1, 1, 96, '2f90e58ac5fa4ed31c40423ec34dd5a96e9ce89d7bd3bb8d4f2d67a721c5bafa4483c8081700818d2df1663095246e1bac5e5deb6ce42c89f2817ea7e529b1c6ulmqZyUf2u2sCNwM8oOFTaYKebqwAo5WxdloiniaNDE=', NULL, NULL),
(97, 1, 1, 97, '7076e0369cf6f6046b4831b20d81aab6346c66d365b3198a6f9eadd47bbd18dbdb8012ef921715c62586b33b02cc694d9e9c2d8fb4ef3577c0c7a9c43a5e577b6PigTDfDXYIvvk/oX6PR3DVw4r9xVqooOSoV6HKXRJ8=', NULL, NULL),
(98, 1, 1, 98, '3d6ed8326275b290693ffa4be3650d1a35cdd1d372c9ad9c2a008ddcd7dba0ac30010e3b56fe47d5c62f3d56e308ffebbc3b3a7c6e4afb53ff5ec70d54726f3aG0tXtKSO6BRSvAlGr6yBhY3NhIw45/Y88S/apG1/3/I=', NULL, NULL),
(99, 1, 1, 99, '7473bc930aa1c72121da23421da32aeceefe76345d219e6f3cba7bf4329c19ef353c97a4273848dea11f6d0b9178d44e20c4afb7152f00c6fb14795dea45693bnhzEQ2Sc8o+5cKXXvWDuki/s5kxw4mHz1XnVYcqodO0=', NULL, NULL),
(100, 1, 1, 100, 'c706c72a925b1f85e0ac371e49a794a725411635ade757712deef2a732fb0e8579b268894902b577e9319c2dc3479eb6d550a333001aa97f63e88b91712ac783e5vgLeMNPZQDRm8aXSIftSK0O650skGyuYzRoITtM6E=', NULL, NULL),
(101, 1, 1, 101, 'e973d7af3053a67b2baeab87993ac85abd1cfba0f198c6c4dfe5af9cfcc3309a23a19c5bc0cd0f2b6197a5359b062007235a2b3ccf9c7ba6840d64f8218f4753qm3AdEiUrr6wNK/S/7QVpQtrDQmG5WY85yWmtR7jQBs=', NULL, NULL),
(102, 1, 1, 102, '432ec9b1fc73b62e0bf6385daf4c49f38cef7d986e91604048f52bdb62b16bb7d0b57f6eba25ad709f74b93de33281b0b9e10b86b1e271c2b6cd03289ef105d87x+U28rqwF2rgH5NwTxYJkG2Z/zIT0amNfaoO3PV1Fg=', NULL, NULL),
(103, 1, 1, 103, '998f97797dd55456e4edf3995210aba98845260879807876a4c529c342be286c678df8c9d5878c5888ee3b08fe7580e7837bee826ae5daf5e7282e128545fcf6W3TI5U126chYu8oSEdh7v9OhT5eI0PtUViIkHWBbdjk=', NULL, NULL),
(104, 1, 1, 104, 'dfa255aac9731acd14bd27e86c89ab664bde7c82a41c050bb37ff262ec546cfd57a2d62ac50605c26ad5dd4fa65ca8d2c083cf7b6b1ee41f5eed6a9cc599143aOBh4QqZesHzMu0A2eAVwCo/oXCWqWoHQMw/ByDOLnBk=', NULL, NULL),
(105, 1, 1, 105, '2dbaa1d956c935eb74eebeae8bce283eafca4fb54730d8e9e4a2d0bc6b5d774921eb9feed211bc0fe16c50b2d43e1ae4c8e4719551fb250e7743f903a05e41dbtzgvgo0mjBSk6sASY0/lGC6YLX7215KZEZWCNpOZF4k=', NULL, NULL),
(106, 1, 1, 106, '6bf1efa29c05d6d3823dff7b5ebdb0120d75a2f538fb09eb3043c8e34500e54a748694ba38fbbe8c1ebba05a1815c080020a27994ac4eab4fe7aa676e8ed715cxdXvLHt3vDL148QaavHDVNSgC6YMDZlgtv6TU2STeNQ=', NULL, NULL),
(107, 1, 1, 107, 'a0d8bcd79992cb0a15d34de45e0d24926dbf98efd16c8feacf5fc3d18f155425a5de49b9f43b4e94ad7f1e9c73519d43dcc6d3354220f1a92ed17c826c21b343HKP9TBiB5+6vVPFFZCtYSZFVtvw5sZ5toJbrB/J8tBo=', NULL, NULL),
(108, 1, 1, 108, 'c295b7928e1e35121aec18a58ba6788dfaff67c9a787dce7439f7bacf294654616817b0d57547f0d60b908495a4f3c97526a8234e597f0627a561cffe0834c9bft1aqq0Vwq6lvtQ3Oh7bfEvpf75mp65lvT8VzyknQDU=', NULL, NULL),
(109, 1, 1, 109, '3702871232ce13ff14aa9fcbd23b3a676cbbf504bbe0394a9c037569684b2dc69cca8badc44c3de72c7c112d72ffc6aef4623a142cc228404c3f41c36c2d925f8IxFNp3JTIeqpyJpU6D9LHghVLCS+R9Boz00qrUqPgc=', NULL, NULL),
(110, 1, 1, 110, '7e2bb875bc3edb0dbd60d8a5f7bf4c387c0cba3d6d7d78fbbaa87bfc41be2670a5e9110abecd07350456647df2f289a7949f54aa6c340abdf9964efb3d42c4a0JPs875dGPGkhEu+SyZBhra31DOGjeo11Svrc9+ymnSI=', NULL, NULL),
(111, 1, 1, 111, '9d39481836f27de45b2761b0c41f61e99bc9eddc56f690e715198003eafc140fdafe1205978abf5e89b7d32a470af47f98b18ceac9d0bf242f0479e15b4d8e4c3NWdrL9kBY8TrZzAWFFta22/KLfVQJKx3wEWGJ/R+HA=', NULL, NULL),
(112, 1, 1, 112, '7482ed115e1692706a43252a7fc4a773ebbbc0492e8f87525ad3494f2571c504af5fc7b1bdab585254545ba478fe041d43e31a1e8911dfff009e6c2d31898670AS27Llj8X7p2iUjJenk7T3jBnHEHHxKQG4jZmWU8mhY=', NULL, NULL),
(113, 1, 1, 113, '376142e6c5e203528203cb616374b39a2d3cbe1761771807d4c0a5a7091eb6017df737aecc2b3b025d9ad555504195c4f2605556ace6225debdf4ea73f0666fdguVtjqgWEBGSMplIJ+pwd3jVho2Qfjtx6/kvpPvwBK0=', NULL, NULL),
(114, 1, 1, 114, '4aca527601860e13f5b9a94c486ec7f8ddc1b14bb19b02c201a915d5fed79845c8da8c7c943b310d9afcc56ae0efaa4bd7825537e1a6ddb03266225e186aa510mBcVaVyqr8W8zhzziFpByBjcqoebSO+ZTCp2EhnvKEQ=', NULL, NULL),
(115, 1, 1, 115, 'ec8d88f6b75ff5c824b7d9953c92f446b3d573265e35ef4d84e5c81d4c96e7583d679b0c1470277f39df1637ba5b6969451001332c5be508bcb650adca0c5bc4v6hu87sb1kfDcjDC0M5yzKjZfQCkyGCldTxj5xdhi2s=', NULL, NULL),
(116, 1, 1, 116, 'd173e919c008ad51bb614abbd699f86aee75b938a04203c5563af5681bb3cd9d0e754f594add7e08f65356974a85998e012fd6e83bc14838df6aeffd15dd15a7ltW00Nznu74UDO6zbc/JLUzSALFB0dc6waHShuZDF+g=', NULL, NULL),
(117, 1, 1, 117, 'db212b0f221cda8b0236ef198cbe7bd898734a49e0c4ecaf7c321844a77ed990028c224d41b976587590046c937cd23b8a633c1cf7adef3045c724dd23927743PkPWFoxrQsRJAxu5hwBigo883XNG3aGao1/32IX5Cbw=', NULL, NULL),
(118, 1, 1, 118, '496cb2dfb4f3c90d66801ba213c100f56c670af6a69ad911b4fb64c6483873b9769eb1db59b97ef9c5881fb09dc475241a9ef4126de7baa64660ab9b25d8bf2eSBtBZHrH1rUX36ySBF+irDzp/KBNIMFPnfxNT/Wy3RI=', NULL, NULL),
(119, 1, 1, 119, '182ef0ec4b3f15df72a1d2d63e23d0ee221733ec64d20c756382ce756b202c19c936c21e1c7451acc06df2352429604974fb27c728ba44f24b74d61c0fd66b06p6JyUBxx3xZbJtQ+5FfMiH+/FSWtECZ0kAyhE2NtB3E=', NULL, NULL),
(120, 1, 1, 120, '2d8d19b91db94cec00f1a82af3d8905fdb10b44e757abf4e7ea08291c57032e99495efb755b96ba586f166605ba3067c5db3c9007bcbfa1237cf9d79c205aecc7vuT+Pnb2aSHW+19VbSC94Cv9W1Kg+ISSO4Wnw+pRWU=', NULL, NULL),
(121, 1, 1, 121, 'c1ddfc1db238c1b468d92a1d5d00e20fb19af357fb6df94d81e85cbd4785620e9e7dd3e8f7089f0ec919241c79952c4f50e467fce19929b97f69d54bf94b9c65Q5ZXofwqo7Qs+tIDNS81SUg6mTSiZhndhxbMYrJ2GFc=', NULL, NULL),
(122, 1, 1, 122, 'f8372d7a3d4be683bd35885823e68364f989942abbdabc15aca7651082e5dd4f8a70c065db47af3fc76d6daac0eae797f1fd6759eb74335e04849b70aa0af2601dthxOnrCrBoqKGg7HOMGAB8Ryis9k7YOgdqE5tV94Y=', NULL, NULL),
(123, 1, 1, 123, '2576d9e4a27ae0ac96d56749bc0337f0849ec6575b30930cbddd9babf8487ec324b67ddcad3507c2aa4c56e2e77bf475ef86e856b666cf30b099756e84a8c64bre9a+b0yCMw31kKofi2tWca7ectNSrS7ic+oPMnYVJU=', NULL, NULL),
(124, 1, 1, 124, '51b189b824e084a72340d3ace1a6706b35f82707778c675e77c51fff69d300b2f5a1f3a32eeb9e82741695c7fc215eeefb9d88bc066d383a468e50460634d0daQ3/JpMco15m0ADoWIDAiaLkmqF95OQ0Nh4SfDg3V0lk=', NULL, NULL),
(125, 1, 1, 125, '15f1f25c3b9fecb2fb1c92613535817499fb76a27723df1f4348a119a293ec067e9ea4c9ed8f30527c5e6eb55b9c7ccf96486e4b118baf03bf7ffea9e888f760eHGnFxctAqnVjiwP7uewm/Lx041T8lgf3MtDOgL3CNo=', NULL, NULL),
(126, 1, 1, 126, '421f05fb315e2c7f5c06a3080bc263f72ed8d88402a232eeaae401440e50705208ea9f88ec3bb42425c2f20a3cf82776e5507bbf138a425234098d8b3a9e72b0XHOi3Ube3Eulr91fIxXh0C8WT5AoHvepxleGY1LoAB0=', NULL, NULL),
(127, 1, 1, 127, '2299cf142dd76e87f102b64b4e36cef73242b47ad985829a804164e755b9485d1336f2a996357c284ca5a7d4c294cb0c7339ee240f86715b8a407b99b1fd20c8cOVn55MgqJdRrcVPNyIBw+cJRMM7B6sU3T35hTs4Fr0=', NULL, NULL),
(128, 1, 1, 128, '699a42f47d38d20329c4d06fa145a8ca1fc4e5e572ce54917d88b093a19a138e6b89fa5cef1c276c971a87b780c95a9231bfb151b0f820a074077a1684fdb7ba2iC5ZqfHZeyNE6mNBsphu7SHdiWMCtcthE3oNYOL/W4=', NULL, NULL),
(129, 1, 1, 129, '72e099695dafd2a8ee576cf9c802e76261d2f74aebb38c214d577bca94b50b693afbbb29439cb7258469ea7ba8d0294ab921385d84b9b646c3871d2f1825f80cqNhfDvudVTOuLNKBavCG208Dw5QqWLKfE3MeuHquzqU=', NULL, NULL),
(130, 1, 1, 130, 'ddeb65c69dbefd89ee870cf2607baccbb167683ccb6483da304204cb9ed8a839652c70e760d443e5c9ea447501d27aa8c110ad4fc8a6d75ec5efea0910be4e02a8F/5k72zeXAQo1WvnoUDZKZV0mNWEzp5F4297UI1EU=', NULL, NULL),
(131, 1, 1, 131, 'a0d214209fce199fe561a72e0d72af922df90be92320ce93028e070708f9181d8a4cb9520bd3385c74901eae59a83051cfe32b8a020721f723f0e23c1196227cHHAAmiltFjpIKmL8ImcsUx+pZhRQxjZW4V+ZwzNcY5U=', NULL, NULL);

-- --------------------------------------------------------

--
-- Table structure for table `ec`
--

CREATE TABLE `ec` (
  `id_ec` int(11) NOT NULL,
  `intitule_ec` varchar(50) NOT NULL,
  `code_ec` varchar(50) NOT NULL,
  `code_alpha_ec` varchar(10) NOT NULL,
  `code_num_ec` int(11) NOT NULL,
  `credit` int(11) NOT NULL,
  `heure` varchar(50) NOT NULL,
  `type_ec` varchar(100) NOT NULL,
  `ue_id` int(11) NOT NULL,
  `etat_id` int(11) NOT NULL,
  `num_ec` int(11) NOT NULL
) ENGINE=InnoDB DEFAULT CHARSET=utf8;

--
-- Dumping data for table `ec`
--

INSERT INTO `ec` (`id_ec`, `intitule_ec`, `code_ec`, `code_alpha_ec`, `code_num_ec`, `credit`, `heure`, `type_ec`, `ue_id`, `etat_id`, `num_ec`) VALUES
(1, 'Anglais II ou Français II', 'LAN311', 'LAN', 311, 3, '45', 'Module Fondamental', 9, 1, 1),
(2, 'Théorie des graphes', 'IFT332', 'IFT', 332, 3, '45', 'Module Fondamental', 11, 1, 2),
(3, 'Analyse et conception en UML', 'IFT344', 'IFT', 344, 4, '60', 'Module Fondamental', 12, 1, 4),
(4, 'Infographie', 'IFT329', 'IFT', 329, 2, '30', 'Module Optionnel', 10, 1, 9),
(5, 'Programmation avec Visual Basic.NET', 'IFT358', 'IFT', 358, 3, '48', 'Module Optionnel', 13, 1, 8),
(6, 'Analyse et conception des systèmes d\'information I', 'IFT327', 'IFT', 327, 4, '60', 'Module Optionnel', 10, 1, 7),
(7, 'Programmation orientée objet en C++', 'IFT356', 'IFT', 356, 3, '46', 'Module Optionnel', 13, 1, 6),
(8, 'Algorithmes et structures de données II', 'IFT345', 'IFT', 345, 3, '45', 'Module Optionnel', 12, 1, 5),
(9, 'Télématique et réseaux', 'IFT333', 'IFT', 333, 4, '61', 'Module Optionnel', 11, 1, 3),
(10, 'Probabilité et statistique', 'MAT441', 'MAT', 441, 4, '60', 'Module Optionnel', 17, 1, 1),
(11, 'Circuits logiques', 'IFT422', 'IFT', 422, 3, '45', 'Module Optionnel', 15, 1, 2),
(12, 'Compilation', 'IFT433', 'IFT', 433, 3, '45', 'Module Optionnel', 16, 1, 3),
(13, 'Développement d\'applications Web', 'IFT434', 'IFT', 434, 3, '48', 'Module Optionnel', 16, 1, 4),
(14, 'Langages formels et automates', 'IFT425', 'IFT', 425, 4, '60', 'Module Optionnel', 15, 1, 5),
(15, 'Administration et gestion de réseaux ', 'IFT426', 'IFT', 426, 4, '64', 'Module Optionnel', 15, 1, 6),
(16, 'Stage ouvrier et projet d\'intégration', 'SPP418', 'SPP', 418, 3, '', 'Module Stage', 14, 1, 8),
(17, 'Stage Agent de Maîtrise', 'SPP419', 'SPP', 419, 6, '', 'Module Stage', 14, 1, 9),
(18, 'Anglais et Français I', 'LAN111', 'LAN', 111, 3, '45', 'Module Transversales', 1, 1, 1),
(19, 'Expression et  communication scientifique', 'COM112', 'COM', 112, 3, '45', 'Module Transversales', 1, 1, 2),
(20, 'Education civique et sportive', 'ECS113', 'ECS', 113, 1, '30', 'Module Transversales', 1, 1, 3),
(21, 'Architecture et technologie des ordinateurs', 'IFT121', 'IFT', 121, 4, '60', 'Module Optionnel', 2, 1, 1),
(22, 'Introduction à l\'informatique', 'IFT122', 'IFT', 122, 3, '45', 'Module Optionnel', 2, 1, 2),
(23, 'Analyse 1 ', 'MAT131', 'MAT', 131, 4, '60', 'Module Fondamental', 3, 1, 1),
(24, 'Logique et mathématiques discrètes', 'MAT132', 'MAT', 132, 4, '60', 'Module Fondamental', 3, 1, 2),
(25, 'Systèmes d\'exploitation des micro-ordinateurs', 'IFT141', 'IFT', 141, 4, '60', 'Module Optionnel', 4, 1, 1),
(26, 'Algorithmique et programmation', 'IFT142', 'IFT', 142, 4, '60', 'Module Optionnel', 4, 1, 2),
(27, 'Droit du travail', 'DRT211', 'DRT', 211, 3, '45', 'Module Transversales', 5, 1, 1),
(28, 'Economie générale', 'ECO212', 'ECO', 212, 3, '45', 'Economie générale', 5, 1, 2),
(29, 'Comptabilité financière et analytique', 'COM213', 'COM', 213, 3, '45', 'Module Transversales', 5, 1, 3),
(30, 'Algèbre linéaire', 'MAT221', 'MAT', 221, 3, '45', 'Module Fondamental', 6, 1, 1),
(31, 'Analyse 2', 'MAT222', 'MAT', 222, 3, '45', 'Module Fondamental', 6, 1, 2),
(32, 'Algorithmes et structures de données I', 'IFT223', 'IFT', 223, 3, '45', 'Module Optionnel', 6, 1, 3),
(33, 'Analyse et conception des systèmes d\'information I', 'IFT231', 'IFT', 231, 3, '45', 'Module Optionnel', 7, 1, 1),
(34, 'Programmation en C', 'IFT232', 'IFT', 232, 3, '45', 'Module Optionnel', 7, 1, 2),
(35, 'Modèles et langages des bases de données', 'IFT241', 'IFT', 241, 3, '45', 'Module Optionnel', 8, 1, 1),
(36, 'Exploitation des BD relationnelles', 'IFT242', 'IFT', 242, 3, '45', 'Module Optionnel', 8, 1, 2);

-- --------------------------------------------------------

--
-- Table structure for table `encadrement`
--

CREATE TABLE `encadrement` (
  `id` int(11) NOT NULL,
  `stage` int(11) NOT NULL,
  `encadreur` int(11) NOT NULL,
  `role_soutenance` varchar(255) NOT NULL
) ENGINE=InnoDB DEFAULT CHARSET=latin1;

--
-- Dumping data for table `encadrement`
--

INSERT INTO `encadrement` (`id`, `stage`, `encadreur`, `role_soutenance`) VALUES
(7, 45, 19, 'EA'),
(8, 45, 15, 'EA'),
(9, 45, 16, 'Pr Jury'),
(10, 45, 5, 'Rapporteur'),
(11, 45, 17, 'Examinateur'),
(12, 45, 18, 'EP'),
(13, 43, 19, 'EA'),
(14, 43, 20, 'Pr Jury'),
(15, 43, 21, 'Examinateur'),
(16, 43, 19, 'Rapporteur'),
(17, 43, 22, 'EP'),
(18, 26, 23, 'EA'),
(19, 26, 20, 'Pr Jury'),
(20, 26, 24, 'Examinateur'),
(21, 26, 23, 'Rapporteur'),
(22, 26, 25, 'EP'),
(23, 37, 26, 'EA'),
(24, 37, 19, 'Pr Jury'),
(25, 37, 27, 'Examinateur'),
(26, 37, 26, 'Rapporteur'),
(27, 37, 28, 'EP'),
(28, 28, 29, 'EA'),
(29, 28, 20, 'Pr Jury'),
(30, 28, 21, 'Examinateur'),
(31, 28, 19, 'Rapporteur'),
(32, 28, 30, 'EP'),
(33, 33, 29, 'EA'),
(34, 33, 26, 'Pr Jury'),
(35, 33, 23, 'Examinateur'),
(36, 33, 19, 'Rapporteur'),
(37, 33, 22, 'EP'),
(38, 34, 31, 'EA'),
(39, 34, 20, 'Pr Jury'),
(40, 34, 19, 'Examinateur'),
(41, 34, 31, 'Rapporteur'),
(42, 34, 25, 'EP'),
(43, 30, 32, 'EA'),
(44, 30, 33, 'Pr Jury'),
(45, 30, 23, 'Examinateur'),
(46, 30, 20, 'Rapporteur'),
(47, 30, 34, 'EP'),
(48, 29, 35, 'EA'),
(49, 29, 20, 'Pr Jury'),
(50, 29, 23, 'Examinateur'),
(51, 29, 35, 'Rapporteur'),
(52, 29, 36, 'EP'),
(53, 41, 37, 'EA'),
(54, 41, 38, 'Pr Jury'),
(55, 41, 39, 'Examinateur'),
(56, 41, 37, 'Rapporteur'),
(57, 41, 40, 'EP'),
(58, 27, 41, 'EA'),
(59, 27, 38, 'Pr Jury'),
(60, 27, 21, 'Examinateur'),
(61, 27, 31, 'Rapporteur'),
(62, 27, 42, 'EP'),
(63, 23, 19, 'EA'),
(64, 23, 20, 'Pr Jury'),
(65, 23, 24, 'Examinateur'),
(66, 23, 19, 'Rapporteur'),
(67, 23, 43, 'EP'),
(68, 23, 44, 'EP'),
(69, 22, 37, 'EA'),
(70, 22, 38, 'Pr Jury'),
(71, 22, 39, 'Examinateur'),
(72, 22, 37, 'Rapporteur'),
(73, 22, 40, 'EP'),
(74, 21, 45, 'EA'),
(75, 21, 37, 'Pr Jury'),
(76, 21, 24, 'Examinateur'),
(77, 21, 23, 'Rapporteur'),
(78, 21, 46, 'EP'),
(79, 36, 32, 'EA'),
(80, 36, 33, 'Pr Jury'),
(81, 36, 24, 'Examinateur'),
(82, 36, 20, 'Rapporteur'),
(83, 36, 34, 'EP'),
(84, 46, 41, 'EA'),
(85, 46, 20, 'Pr Jury'),
(86, 46, 24, 'Examinateur'),
(87, 46, 31, 'Rapporteur'),
(88, 46, 47, 'EP'),
(89, 44, 32, 'EA'),
(90, 44, 48, 'Pr Jury'),
(91, 44, 24, 'Examinateur'),
(92, 44, 20, 'Rapporteur'),
(93, 44, 40, 'EP'),
(94, 25, 41, 'EA'),
(95, 25, 20, 'Pr Jury'),
(96, 25, 39, 'Examinateur'),
(97, 25, 31, 'Rapporteur'),
(98, 25, 49, 'EP'),
(99, 20, 19, 'EA'),
(100, 20, 26, 'Pr Jury'),
(101, 20, 50, 'Examinateur'),
(102, 20, 19, 'Rapporteur'),
(103, 20, 51, 'EP'),
(104, 20, 52, 'EP'),
(105, 19, 19, 'EA'),
(106, 19, 53, 'Pr Jury'),
(107, 19, 26, 'Examinateur'),
(108, 19, 19, 'Rapporteur'),
(109, 19, 54, 'EP'),
(110, 19, 55, 'EP'),
(111, 18, 19, 'EA'),
(112, 18, 56, 'Pr Jury'),
(113, 18, 21, 'Examinateur'),
(114, 18, 19, 'Rapporteur'),
(115, 18, 57, 'EP'),
(116, 17, 58, 'EA'),
(117, 17, 19, 'Pr Jury'),
(118, 17, 21, 'Examinateur'),
(119, 17, 23, 'Rapporteur'),
(120, 17, 59, 'EP'),
(121, 40, 19, 'EA'),
(122, 40, 26, 'Pr Jury'),
(123, 40, 60, 'Examinateur'),
(124, 40, 19, 'Rapporteur'),
(125, 40, 61, 'EP'),
(126, 2, 58, 'EA'),
(127, 2, 48, 'Pr Jury'),
(128, 2, 62, 'Examinateur'),
(129, 2, 23, 'Rapporteur'),
(130, 2, 63, 'EP'),
(131, 1, 58, 'EA'),
(132, 1, 26, 'Pr Jury'),
(133, 1, 24, 'Examinateur'),
(134, 1, 23, 'Rapporteur'),
(135, 1, 64, 'EP'),
(136, 6, 65, 'EA'),
(137, 6, 37, 'Pr Jury'),
(138, 6, 66, 'Examinateur'),
(139, 6, 26, 'Rapporteur'),
(140, 6, 67, 'EP'),
(141, 11, 19, 'EA'),
(142, 11, 20, 'Pr Jury'),
(143, 11, 66, 'Examinateur'),
(144, 11, 19, 'Rapporteur'),
(145, 11, 68, 'EP'),
(146, 48, 69, 'EA'),
(147, 48, 35, 'Pr Jury'),
(148, 48, 26, 'Examinateur'),
(149, 48, 37, 'Rapporteur'),
(150, 48, 70, 'EP'),
(151, 9, 71, 'EA'),
(152, 9, 48, 'Pr Jury'),
(153, 9, 24, 'Examinateur'),
(154, 9, 20, 'Rapporteur'),
(155, 9, 72, 'EP'),
(156, 8, 19, 'EA'),
(157, 8, 73, 'Pr Jury'),
(158, 8, 23, 'Examinateur'),
(159, 8, 19, 'Rapporteur'),
(160, 8, 74, 'EP'),
(161, 12, 65, 'EA'),
(162, 12, 37, 'Pr Jury'),
(163, 12, 24, 'Examinateur'),
(164, 12, 26, 'Rapporteur'),
(165, 12, 75, 'EP'),
(166, 13, 58, 'EA'),
(167, 13, 21, 'Pr Jury'),
(168, 13, 24, 'Examinateur'),
(169, 13, 23, 'Rapporteur'),
(170, 13, 76, 'EP'),
(171, 14, 65, 'EA'),
(172, 14, 77, 'Pr Jury'),
(173, 14, 27, 'Examinateur'),
(174, 14, 26, 'Rapporteur'),
(175, 14, 75, 'EP'),
(176, 38, 19, 'EA'),
(177, 38, 56, 'Pr Jury'),
(178, 38, 24, 'Examinateur'),
(179, 38, 19, 'Rapporteur'),
(180, 38, 67, 'EP'),
(181, 47, 78, 'EA'),
(182, 47, 56, 'Pr Jury'),
(183, 47, 23, 'Examinateur'),
(184, 47, 78, 'Rapporteur'),
(185, 47, 67, 'EP');

-- --------------------------------------------------------

--
-- Table structure for table `encadreur`
--

CREATE TABLE `encadreur` (
  `id_enc` int(11) NOT NULL,
  `nom` varchar(255) NOT NULL,
  `email` varchar(255) DEFAULT NULL,
  `grade` varchar(255) NOT NULL DEFAULT 'NaN',
  `type_enc` int(11) DEFAULT NULL,
  `fonction` int(11) DEFAULT NULL,
  `entreprise` int(11) DEFAULT NULL,
  `is_industriel` int(11) DEFAULT 0
) ENGINE=InnoDB DEFAULT CHARSET=latin1;

--
-- Dumping data for table `encadreur`
--

INSERT INTO `encadreur` (`id_enc`, `nom`, `email`, `grade`, `type_enc`, `fonction`, `entreprise`, `is_industriel`) VALUES
(1, 'M. Fabrice TSEGAING', NULL, 'Enseignant', 1, 1, 1, 0),
(2, 'M. Fabrice TSEGAING', NULL, 'Enseignant', 2, 1, 13, 0),
(3, 'Tchiegang Clerge', NULL, 'Maitre de conference', 1, 10, 1, 0),
(4, 'Mr Ndifor Benjamin', NULL, 'Industrial Unit Manager', 2, 111, 12, 0),
(5, 'Pr YENKE Blaise Omer', NULL, 'Maitre de conference', 1, 10, 1, 0),
(6, 'Pr YENKE Blaise Omer', NULL, 'Maitre de conferences', 2, 88, 1, 0),
(7, 'M. MARIGOH Eric', NULL, 'Agent administratif', 2, 112, 5, 0),
(8, 'M MBALLA', 'mballaj@gmail.com', '', NULL, 42, 2, 1),
(9, 'M. BATOURE BAMANA Apollinaire', NULL, 'Responsable CDTIC', 1, 113, 1, 0),
(10, 'M. MOTCHEBOUNG Félicien', NULL, 'Directeur adjoint du centre de Formation MULTISOFT ACADEMY', 2, 114, 2, 0),
(11, 'M. Eboh Serges', NULL, 'employer', 2, 115, 5, 0),
(12, 'Dr. FOGANG Bienvenu', NULL, 'Chargé de Cours', 1, 6, 1, 0),
(13, 'M. BOBO YAYA Chef', NULL, 'Service Hygiène Sécurité Incendie et Environnement', 2, 116, 3, 0),
(14, 'Dr Ndam Djoya Arouna', NULL, 'Charge de Cours', 1, 3, 1, 0),
(15, 'Mr Kani Djoulde', NULL, 'Enseignant', 1, 4, 1, 0),
(16, 'Pr Tchiengang Clege', NULL, 'Pr Jury', NULL, NULL, NULL, 0),
(17, 'Dr Fendji Louis', NULL, 'Examinateur', NULL, NULL, NULL, 0),
(18, 'Pr yenke Blaise Omer', NULL, 'Chef de Departement', 2, 5, 1, 0),
(19, 'Dr Ndam Njoya', NULL, 'Charge de cours', 1, 3, 1, 0),
(20, 'Pr YENKE', NULL, 'Pr Jury', NULL, NULL, NULL, 0),
(21, 'Dr FOTSA', NULL, 'Examinateur', NULL, NULL, NULL, 0),
(22, 'M. HAMAN Djouma', NULL, 'Cadre CNS et Météo', 2, 7, 31, 0),
(23, 'Dr DANGBE', NULL, 'Enseignant à l’IUT', 1, 8, 1, 0),
(24, 'M. KANI', NULL, 'Examinateur', NULL, NULL, NULL, 0),
(25, 'M. IBRAHIMA HAMADOU', NULL, 'Administrateur des bases de donnée', 2, 9, 3, 0),
(26, 'Dr DAYANG', NULL, 'Chef du centre CDTIC', 1, 10, 1, 0),
(27, 'Dr TCHAHOUNTE', NULL, 'Examinateur', NULL, NULL, NULL, 0),
(28, 'Dr DAYANG', NULL, 'Chef du centre CDTIC', 2, 10, 22, 0),
(29, 'Dr NDAM NJOYA', NULL, 'Enseignant à l’IUT', 1, 8, 1, 0),
(30, 'M. TANKOU Eddy', NULL, 'Administrateur réseau', 2, 11, 2, 0),
(31, 'Dr BATOURE', NULL, 'Université de Ngaoundéré', 1, 12, 1, 0),
(32, 'Pr YENKE', NULL, 'Chef de departement', 1, 5, 1, 0),
(33, 'Pr  EKOBENA', NULL, 'Pr Jury', NULL, NULL, NULL, 0),
(34, 'Pr YENKE', NULL, 'Chef de departement', 2, 5, 1, 0),
(35, 'Dr KAMLA', NULL, 'Charge de cours', 1, 3, 1, 0),
(36, 'M. FELICIEN Motcheboung', NULL, 'agent SYGALIN', 2, 13, 17, 0),
(37, 'Dr TCHAKOUNTE', NULL, 'Charge de cours', 1, 3, 1, 0),
(38, 'Dr  DANGBE', NULL, 'Pr Jury', NULL, NULL, NULL, 0),
(39, 'Dr  NDAM NJOYA', NULL, 'Examinateur', NULL, NULL, NULL, 0),
(40, 'M.FABO Baruc', NULL, 'Chef d\'usine a TPM S.A', 2, 14, 18, 0),
(41, 'Dr BATOURE', NULL, 'Enseignant à l\'IUT de Ngaoundéré', 1, 15, 1, 0),
(42, 'M.Jean Nicolas PASSINRI', NULL, 'Chef Service Informatique et Publication Assistée par Ordinateur', 2, 16, 28, 0),
(43, 'M.ALHADJI MAHAMAT', NULL, 'Chef de la cellule informatique', 2, 17, 27, 0),
(44, 'Mme MIMBOE Eloise', NULL, 'Cadre d\'appui', 2, 18, 27, 0),
(45, 'Dr DANGBE', NULL, 'Enseignant à l\'IUT de Ngaoundéré', 1, 15, 1, 0),
(46, 'M.KONTCHOU TCHUISSI Joel oscar', NULL, 'Chef Unité Maintenance IRE/IGC', 2, 19, 15, 0),
(47, 'M.KONGUE Rodrigur', NULL, 'Responsable du centre de formation Multisoft Academy', 2, 20, 14, 0),
(48, 'Pr KAMGANG', NULL, 'Pr Jury', NULL, NULL, NULL, 0),
(49, 'M.IBRAHIMA HAMADOU', NULL, 'Administrateur de bases de données', 2, 21, 3, 0),
(50, ' Dr FOTSA', NULL, 'Examinateur', NULL, NULL, NULL, 0),
(51, 'M. ESSIMBI TIPANE Ange Gabin', NULL, 'Ingénieur des travaux génie civil', 2, 22, 25, 0),
(52, 'M.MOBEZ ATALONGO Alex Franck', NULL, 'Ingénieur des travaux informatique', 2, 23, 25, 0),
(53, ' Pr  YENKE', NULL, 'Pr Jury', NULL, NULL, NULL, 0),
(54, 'Mr ANAMBA Bouli', NULL, 'ND', 2, 24, 24, 0),
(55, 'Mr TEMFACK Serges', NULL, 'ND', 2, 24, 24, 0),
(56, 'Pr  YENKE', NULL, 'Pr Jury', NULL, NULL, NULL, 0),
(57, 'M.NGODO ESSONO', NULL, 'Cadre à la DEL', 2, 25, 2, 0),
(58, 'Dr DANGBE', NULL, 'Enseignant à l\'IUT', 1, 26, 1, 0),
(59, 'Mme AVOULA', NULL, 'Cadre à la DEP', 2, 27, 2, 0),
(60, ' Dr DANGBE', NULL, 'Examinateur', NULL, NULL, NULL, 0),
(61, 'M.HAMAN Djouma', NULL, 'Cadre CNS et Méteo', 2, 7, 31, 0),
(62, 'Dr  BATOURE', NULL, 'Examinateur', NULL, NULL, NULL, 0),
(63, 'M.IBRAHIMA HAMADOU', NULL, 'Administrateur de base de donnée', 2, 28, 3, 0),
(64, 'M.BEMA NFON Steve', NULL, 'Cadre maintenance ELB à l\'aérodrome de Garoua', 2, 29, 15, 0),
(65, 'Dr DAYANG', NULL, 'Chef de Centre du CDTIC', 1, 30, 1, 0),
(66, 'Dr  FOTSA', NULL, 'Examinateur', NULL, NULL, NULL, 0),
(67, 'M.ADAMOU Dieudonné', NULL, 'Responsable cellule informatique de l\'HPN', 2, 31, 19, 0),
(68, 'M.MAURICE FONDJO', NULL, 'ND', 2, 24, 21, 0),
(69, 'Dr TCHAKOUNTE', NULL, 'Enseignant à l\'Université de Ngaoundéré', 1, 32, 1, 0),
(70, 'M.TIYON EMMANUEL', NULL, 'Responsable Informatique', 2, 33, 16, 0),
(71, 'Pr YENKE', NULL, 'Chef de Départenent Informatiaue (IUT)', 1, 34, 1, 0),
(72, 'M.MOTCHEBOUNG Félicien', NULL, 'Chef du Départenant des Système d\'information de DJABBAMA Dounia', 2, 35, 17, 0),
(73, 'Pr TCHIEGANG', NULL, 'Pr Jury', NULL, NULL, NULL, 0),
(74, 'Pr YENKE', NULL, 'Chef de Départenent Informatiaue (IUT)', 2, 34, 1, 0),
(75, 'Dr DAYANG', NULL, 'Chef de Centre du CDTIC', 2, 30, 22, 0),
(76, 'M.AMADOU DJAMBE', NULL, 'Ingénieur d\'étude n 2', 2, 36, 23, 0),
(77, 'Dr   NDAM NJOYA', NULL, 'Pr Jury', NULL, NULL, NULL, 0),
(78, 'Dr  KAMLA', NULL, 'Chargé de cours à l\'ENSAI', 1, 37, 1, 0);

-- --------------------------------------------------------

--
-- Table structure for table `enseignes`
--

CREATE TABLE `enseignes` (
  `id_enseigne` int(11) NOT NULL,
  `ec_id` int(11) NOT NULL,
  `personnel_id` int(11) NOT NULL,
  `annee_id` int(11) NOT NULL
) ENGINE=InnoDB DEFAULT CHARSET=utf8;

--
-- Dumping data for table `enseignes`
--

INSERT INTO `enseignes` (`id_enseigne`, `ec_id`, `personnel_id`, `annee_id`) VALUES
(1, 30, 17, 1),
(2, 11, 17, 1),
(3, 24, 17, 1),
(4, 14, 17, 1),
(8, 7, 7, 1),
(9, 19, 9, 1),
(10, 1, 32, 1),
(11, 1, 30, 1),
(12, 2, 27, 1),
(13, 3, 26, 1),
(14, 4, 18, 1),
(15, 9, 27, 1),
(16, 10, 28, 1),
(17, 8, 7, 1),
(18, 5, 18, 1),
(19, 6, 26, 1),
(20, 12, 7, 1),
(21, 13, 26, 1),
(22, 14, 29, 1),
(23, 18, 32, 1),
(24, 18, 30, 1),
(25, 21, 7, 1),
(26, 23, 28, 1),
(28, 25, 18, 1),
(29, 26, 7, 1),
(30, 31, 28, 1),
(31, 32, 7, 1),
(32, 34, 27, 1),
(33, 35, 26, 1),
(34, 36, 29, 1),
(35, 7, 34, 1);

-- --------------------------------------------------------

--
-- Table structure for table `entreprise`
--

CREATE TABLE `entreprise` (
  `id_entreprise` int(11) NOT NULL,
  `nom_entreprise` varchar(255) NOT NULL,
  `ville` int(11) NOT NULL
) ENGINE=InnoDB DEFAULT CHARSET=latin1;

--
-- Dumping data for table `entreprise`
--

INSERT INTO `entreprise` (`id_entreprise`, `nom_entreprise`, `ville`) VALUES
(1, 'IUT', 9),
(2, 'CENADI', 2),
(3, 'SODECOTON', 3),
(4, 'SODECOTON', 9),
(5, 'Port Autonome', 1),
(6, 'Hôpital Régional', 3),
(7, 'Hôpital CNPS', 4),
(10, 'CPIA Mvog-Ada', 2),
(11, 'CADEPI / Mora', 4),
(12, 'CDC-IDENAU', 2),
(13, 'CHINESE ENERGETIC SOLUTIONS', 9),
(14, 'MSA (Multisoft Academy)', 9),
(15, 'ASECNA', 3),
(16, 'EXPRESS UNION', 9),
(17, 'DJABBAMA DOUNIA SARL', 9),
(18, 'TPM', 1),
(19, 'HOPITAL PROTESTANT', 9),
(20, 'HOPITAL REGIONAL', 9),
(21, 'AFRILAND FIRST BANK', 3),
(22, 'CDTIC', 9),
(23, 'DELEGATION REGIONAL DES POSTES ET TELECOMMUNICATION', 3),
(24, 'HOPITAL JAMOT', 2),
(25, 'DELEGATION REGIONAL DES TRAVAUX PUBLIC', 6),
(26, 'EUROTECH-INFO', 2),
(27, 'CSPH', 2),
(28, 'ALLIANCE BIBLIQUE DU CAMEROUN (ABC)', 2),
(29, 'ENEO', 6),
(31, 'ASECNA', 2);

-- --------------------------------------------------------

--
-- Table structure for table `etablissement`
--

CREATE TABLE `etablissement` (
  `id_etab` int(11) NOT NULL,
  `nom_etab` varchar(255) NOT NULL,
  `desc_etab` varchar(255) NOT NULL,
  `desc_etab_en` varchar(255) NOT NULL,
  `desc_univ` varchar(255) NOT NULL,
  `desc_univ_en` varchar(255) NOT NULL,
  `boite_pos` varchar(255) NOT NULL,
  `boite_pos_en` varchar(255) NOT NULL,
  `boite_post_fr` varchar(255) NOT NULL,
  `boite_post_en` varchar(255) NOT NULL,
  `tel` varchar(255) NOT NULL,
  `email` varchar(255) NOT NULL,
  `division` varchar(255) NOT NULL,
  `logo_ecole` varchar(255) NOT NULL,
  `rep_fr` varchar(255) NOT NULL,
  `rep_en` varchar(255) NOT NULL,
  `devise_fr` varchar(255) NOT NULL,
  `devise_en` varchar(255) NOT NULL,
  `logo_univ` varchar(255) NOT NULL
) ENGINE=InnoDB DEFAULT CHARSET=latin1;

--
-- Dumping data for table `etablissement`
--

INSERT INTO `etablissement` (`id_etab`, `nom_etab`, `desc_etab`, `desc_etab_en`, `desc_univ`, `desc_univ_en`, `boite_pos`, `boite_pos_en`, `boite_post_fr`, `boite_post_en`, `tel`, `email`, `division`, `logo_ecole`, `rep_fr`, `rep_en`, `devise_fr`, `devise_en`, `logo_univ`) VALUES
(1, 'IUT', 'INSTITUT UNIVERSITAIRE DE TECHNOLOGIE', 'UNIVERSITY INSTITUT OF TECHNOLOGIE', 'UNIVERSITE DE NGAOUNDERE', 'THE UNIVERSITY OF NGAOUNDERE', 'B.P: 454 NGAOUNDERE-CAMEROUN', 'P.O BOX: 454 NGAOUNDERE-CAMEROON', 'B.P: 454', 'P.0.Box 454', '22 - 25 - 40 - 66', 'dfi.iutndere@gmail.com', 'DIVISION DE LA FORMATION INITIALE', 'logo_iut.png', ' REPUBLIQUE DU CAMEROUN', 'REPUBLIC OF CAMEROON ', 'Paix - Travail - Patrie', 'Peace - Word - Fatherland ', 'logo1.png');

-- --------------------------------------------------------

--
-- Table structure for table `etat`
--

CREATE TABLE `etat` (
  `id_etat` int(11) NOT NULL,
  `libelle` varchar(50) NOT NULL,
  `observation` text NOT NULL
) ENGINE=InnoDB DEFAULT CHARSET=utf8;

--
-- Dumping data for table `etat`
--

INSERT INTO `etat` (`id_etat`, `libelle`, `observation`) VALUES
(1, 'programmer', 'doit être dispensé dans les délais demandé..'),
(2, 'a voir plus tard', 'bientôt programmable'),
(3, 'terminer', 'EC achevé en date Du 21/03/2019');

-- --------------------------------------------------------

--
-- Table structure for table `etats_quitus`
--

CREATE TABLE `etats_quitus` (
  `id_quitus` int(11) NOT NULL,
  `dossier_id` int(11) NOT NULL,
  `cms` varchar(10) NOT NULL,
  `scolarite` varchar(10) NOT NULL,
  `documentation` varchar(10) NOT NULL,
  `sag` varchar(10) NOT NULL,
  `service_stage` varchar(10) NOT NULL
) ENGINE=InnoDB DEFAULT CHARSET=latin1;

--
-- Dumping data for table `etats_quitus`
--

INSERT INTO `etats_quitus` (`id_quitus`, `dossier_id`, `cms`, `scolarite`, `documentation`, `sag`, `service_stage`) VALUES
(3, 36, 'V', 'V', 'V', 'V', 'V'),
(4, 54, 'V', 'V', 'V', 'V', 'V'),
(5, 57, 'V', 'V', 'V', 'V', 'V'),
(6, 31, 'V', 'V', 'V', 'V', 'V'),
(7, 15, 'V', 'V', 'V', 'V', 'V'),
(8, 38, 'V', 'V', 'V', 'V', 'V'),
(9, 48, 'V', 'V', 'V', 'V', 'V'),
(10, 4, 'V', 'V', 'V', 'V', 'V'),
(11, 53, 'V', 'V', 'V', 'V', 'V'),
(12, 21, 'V', 'V', 'V', 'V', 'V'),
(13, 61, 'V', 'V', 'V', 'V', 'V'),
(15, 25, 'V', 'V', 'V', 'V', 'V'),
(17, 27, 'V', 'V', 'V', 'V', 'V'),
(18, 65, 'V', 'V', 'V', 'V', 'V'),
(19, 23, 'V', 'V', 'V', 'V', 'V'),
(20, 33, 'V', 'V', 'V', 'V', 'V'),
(21, 52, 'V', 'V', 'V', 'V', 'V'),
(22, 49, 'V', 'V', 'V', 'NV', 'V'),
(27, 50, 'V', 'V', 'V', 'V', 'V'),
(28, 12, 'V', 'V', 'V', 'V', 'V'),
(29, 13, 'V', 'V', 'V', 'V', 'V'),
(30, 42, 'V', 'V', 'V', 'V', 'V'),
(31, 19, 'V', 'V', 'V', 'V', 'V'),
(32, 63, 'V', 'V', 'V', 'V', 'V'),
(33, 40, 'V', 'V', 'V', 'V', 'V'),
(34, 5, 'V', 'V', 'V', 'V', 'V'),
(35, 46, 'V', 'V', 'V', 'V', 'V'),
(36, 66, 'V', 'V', 'V', 'V', 'V'),
(37, 39, 'V', 'V', 'V', 'V', 'V'),
(38, 7, 'V', 'V', 'V', 'V', 'V'),
(39, 44, 'V', 'V', 'V', 'V', 'V'),
(40, 2, 'V', 'V', 'V', 'V', 'V'),
(41, 34, 'V', 'V', 'V', 'V', 'V'),
(42, 3, 'V', 'V', 'V', 'V', 'V'),
(43, 55, 'V', 'V', 'V', 'V', 'V'),
(44, 43, 'V', 'V', 'V', 'V', 'V');

-- --------------------------------------------------------

--
-- Table structure for table `etudiants`
--

CREATE TABLE `etudiants` (
  `id_etudiant` int(11) NOT NULL,
  `nom_prenom` varchar(255) CHARACTER SET utf8 NOT NULL,
  `genre` enum('M','F') CHARACTER SET utf8 NOT NULL,
  `matricule` varchar(8) NOT NULL,
  `nationalite` varchar(255) DEFAULT NULL,
  `date_nais` date DEFAULT NULL,
  `lieu_nais` varchar(255) DEFAULT NULL,
  `telephone` int(11) NOT NULL,
  `email` varchar(255) NOT NULL,
  `avatar` varchar(255) NOT NULL DEFAULT 'default.png'
) ENGINE=InnoDB DEFAULT CHARSET=latin1;

--
-- Dumping data for table `etudiants`
--

INSERT INTO `etudiants` (`id_etudiant`, `nom_prenom`, `genre`, `matricule`, `nationalite`, `date_nais`, `lieu_nais`, `telephone`, `email`, `avatar`) VALUES
(1, 'ABASSORA ABAKAR ABALI ®', 'M', '15I001IU', 'Camerounaise', '1993-12-07', 'Goulfey', 0, '', 'header-2.jpeg'),
(2, 'ABBO SOULEYMANOU ®', 'M', '16I001IU', 'Camerounaise', '1993-04-08', 'Ngaoundéré', 0, '', 'default.png'),
(3, 'ABDOUL AZIZ YOUSSOUF ', 'M', '16I002IU', 'Camerounaise', '1997-03-19', 'Ngaoundéré', 0, '', 'default.png'),
(4, 'ABDOULAZIZ BIA', 'M', '17I001IU', 'Camerounaise', '1995-05-21', 'Bertoua', 0, '', 'default.png'),
(5, 'ABDOULRAZAK IBRAHIMA', 'M', '17I002IU', 'Camerounaise', '1993-01-10', 'Ngaoundéré', 0, '', 'default.png'),
(6, 'AHMADOU AHIDJO ', 'M', '16I007IU', 'Camerounaise', '1998-11-18', 'Garoua', 0, '', 'logo1.png'),
(7, 'ALIM ABOUBAKAR AL-HADJI ®', 'M', '16I008IU', 'Camerounaise', '1998-02-27', 'Meskine', 0, '', 'default.png'),
(8, 'ALLADOUM DJIALTA NATHAN ', 'M', '15I011IU', 'Camerounaise', '1994-10-10', 'Koumra', 0, '', 'default.png'),
(9, 'ALLAMINE MAHAMAD NOUR', 'M', '17I003IU', 'Camerounaise', '1999-08-28', 'Goulfey', 0, '', 'default.png'),
(10, 'AMINOU HAMDJA', 'M', '17I005IU', 'Camerounaise', '1998-06-02', 'Mandjou-Bertoua', 0, '', 'default.png'),
(11, 'BATOUM CLAUDE RAOUL', 'M', '17I006IU', 'Camerounaise', '1995-05-18', 'Douala', 0, '', 'default.png'),
(12, 'BEKOLO JOSEPH ARNAUD', 'M', '17I007IU', 'Camerounaise', '1999-07-11', 'Okola', 0, '', 'default.png'),
(13, 'BELIBI AYISSI LINE ULRICH', 'F', '17I008IU', 'Camerounaise', '1996-01-30', 'Yaoundé', 0, '', 'default.png'),
(14, 'BOKALLY OBAM GEORGES ULRICH', 'M', '17I010IU', 'Camerounaise', '1988-01-19', 'Douala', 0, '', 'default.png'),
(15, 'BOWHI NGANJO HOPE', 'F', '17I011IU', 'Camerounaise', '1998-10-07', 'Ngaoundéré', 0, '', 'default.png'),
(16, 'DAGUIDAM EDWIGE GUEDJEO', 'F', '17I058IU', 'Camerounaise', '1995-10-06', 'Djingliya', 0, '', 'default.png'),
(17, 'DASSIE NOUWE JULIAN ', 'M', '17I012IU', 'Camerounaise', '1997-12-19', 'Bankag-Bafang', 0, '', 'default.png'),
(18, 'DAYANG VICTOR ®', 'M', '16I011IU', 'Camerounaise', '1998-08-03', 'Maroua', 0, '', 'default.png'),
(19, 'DEUTCHEU NGAKO FRANCK', 'M', '17I013IU', 'Camerounaise', '1991-11-23', 'Yaoundé', 0, '', 'default.png'),
(20, 'DJAO TAÏWE TOLBERT ', 'M', '17I014IU', 'Camerounaise', '1997-05-15', 'Koutaba', 0, '', 'default.png'),
(21, 'DJENGOU KENGNE BRUNDON ARNOLD', 'M', '17I015IU', 'Camerounaise', '1996-03-15', 'Kekem', 0, '', 'default.png'),
(22, 'DJIELE LAMENI ADRIAN RONALD', 'M', '17I016IU', 'Camerounaise', '2000-01-17', 'Douala', 0, '', 'default.png'),
(23, 'DJOMO FOTUE SIDOINE MARIUS', 'M', '17I017IU', 'Camerounaise', '1997-11-27', 'Ngaoundéré', 0, '', 'default.png'),
(24, 'DOUANLA MATENOU ROBERTO CARLOS', 'M', '17I018IU', 'Camerounaise', '1997-02-12', 'Yaoundé', 0, '', 'default.png'),
(25, 'ELA OBATE RODRIGUE GAETAN', 'M', '17I019IU', 'Camerounaise', '1999-09-26', 'Yaoundé', 0, '', 'default.png'),
(26, 'EL-HADJ MALLOUM OUMAR MAHAMAT ®', 'M', '16I013IU', 'Camerounaise', '1997-03-31', 'Kousseri', 0, '', 'default.png'),
(27, 'FOTSING TALLA CEDRIC', 'M', '17I020IU', 'Camerounaise', '1999-02-08', 'Ebolowa', 0, '', 'default.png'),
(28, 'HAMADOU OUSMAN BAGOUDOU ', 'M', '16I017IU', 'Camerounaise', '1997-10-25', 'Maroua', 0, '', 'default.png'),
(29, 'HARADENE DJIHONDOURBA DAYANG JESUS ', 'M', '16I018IU', 'Camerounaise', '1997-06-20', 'Banaye', 0, '', 'default.png'),
(30, 'HELLES MAX BAUDOUIN', 'M', '17I021IU', 'Camerounaise', '1995-01-20', 'Douala', 0, '', 'default.png'),
(31, 'ISMAÏLA HAMADOU ®', 'M', '16I020IU', 'Camerounaise', '1996-06-15', 'Beka-Ngaoundéré', 0, '', 'default.png'),
(32, 'KAMGA FODOUOP OMER DAVID ®', 'M', '16I021IU', 'Camerounaise', '2000-03-04', 'Douala', 0, '', 'default.png'),
(33, 'KAOUI PIERRE DIEU-BENI', 'M', '17I023IU', 'Camerounaise', '1990-08-30', 'Bangui ', 0, '', 'default.png'),
(34, 'KEBZAHBO BENJAMIN', 'M', '17I024IU', 'Camerounaise', '1999-11-18', 'Garoua', 0, '', 'default.png'),
(35, 'KEMAYOU OKONO BOREL', 'M', '17I026IU', 'Camerounaise', '1999-09-04', 'Douala', 0, '', 'default.png'),
(36, 'LAMBEY BAKARGA CHARLES THIERRY', 'M', '17I027IU', 'Camerounaise', '1997-03-27', 'Douala', 0, '', 'default.png'),
(37, 'LAYETENDJI FRANKY DE PRINCE ®', 'M', '15I029IU', 'Camerounaise', '1994-06-15', 'Bangui', 0, '', 'default.png'),
(38, 'MAHAMAT ALI DJIDDA', 'M', '17I028IU', 'Camerounaise', '1997-12-01', 'Kousseri', 0, '', 'default.png'),
(39, 'MATEKEU KELLIE BERTHE', 'F', '17I056IU', 'Camerounaise', '1998-04-17', 'Yaoundé', 0, '', 'default.png'),
(40, 'MBAÏDJE GUN ABEL', 'M', '17I030IU', 'Camerounaise', '1997-01-02', 'Yagoye', 0, '', 'default.png'),
(41, 'MBEB MBOCK JEAN PIERRE ', 'M', '16I059IU', 'Camerounaise', '1989-08-21', 'Douala', 0, '', 'default.png'),
(42, 'MBOPDA SIMO JUNIOR DOUGLAS', 'M', '17I031IU', 'Camerounaise', '1999-08-28', 'Garoua', 0, '', 'default.png'),
(43, 'MOHAMADOU ABDOULWADOUD', 'M', '17I032IU', 'Camerounaise', '1998-04-03', 'Banyo', 0, '', 'default.png'),
(44, 'MOHAMADOU AMINOU', 'M', '17I033IU', 'Camerounaise', '1996-09-19', 'Ngaoundéré', 0, '', 'default.png'),
(45, 'MOHAMADOU BACHIROU', 'M', '17I034IU', 'Camerounaise', '1998-10-13', 'Maroua', 0, '', 'default.png'),
(46, 'MOHAMMED HOSNI MOUBARAK', 'M', '17I035IU', 'Camerounaise', '1996-09-20', 'Garoua', 0, '', 'default.png'),
(47, 'NDASSI NEMBOT STINISS BRICE', 'M', '17I036IU', 'Camerounaise', '1999-02-01', 'Yaoundé', 0, '', 'default.png'),
(48, 'NDENGUE BOUI ALFRED', 'M', '17I037IU', 'Camerounaise', '1989-11-30', 'Meiganga', 0, '', 'default.png'),
(49, 'NDEWELEM LAURENT', 'M', '17I039IU', 'Camerounaise', '2001-08-01', 'Mokolo', 0, '', 'default.png'),
(50, 'NDOGMOUI MBOBE HABIBE SOSTHENE', 'M', '17I057IU', 'Camerounaise', '1997-02-02', 'Ndokayo', 0, '', 'default.png'),
(51, 'NGARMORIO MBANG-BOUSSO HADJI', 'M', '17I040IU', 'Tchadienne', '1995-10-31', 'Ndjamena', 0, '', 'default.png'),
(52, 'NGUIMBOUS MAKANY FELIX JUNIOR', 'M', '17I041IU', 'Camerounaise', '2000-06-25', 'Yaoundé', 0, '', 'default.png'),
(53, 'NOUHOU ADAMOU', 'M', '17I042IU', 'Camerounaise', '1996-00-00', 'Ngaoundal', 0, '', 'default.png'),
(54, 'OUACK MENGUE ARISTIDE ®', 'M', '16I032IU', 'Camerounaise', '1995-01-02', 'Ngaoundéré', 0, '', 'default.png'),
(55, 'OUSSOUMANOU IYA MOHAMADOU', 'M', '17I043IU', 'Camerounaise', '1997-04-05', 'Ngaoundéré', 0, '', 'default.png'),
(56, 'SEMDEDEMO NJITHEU FRANCK BERICHE', 'M', '17I044IU', 'Camerounaise', '1997-05-23', 'Ngaoundéré', 0, '', 'default.png'),
(57, 'SOUREÏYA NOURA', 'F', '17I045IU', 'Camerounaise', '1998-01-23', 'Garoua', 0, '', 'default.png'),
(58, 'TAMBOU NGUEMO FRANCK KEVIN ®', 'M', '16I040IU', 'Camerounaise', '1997-08-18', 'Bafoussam', 0, '', 'default.png'),
(59, 'TCHOGANG NDJOUME JOSEPH', 'M', '17I046IU', 'Camerounaise', '1999-10-10', 'Douala', 0, '', 'default.png'),
(60, 'TJADE TJADE PAUL PIVOT', 'M', '17I047IU', 'Camerounaise', '1994-07-01', 'Douala', 0, '', 'default.png'),
(61, 'TOUKA ABEL ESDRAS', 'M', '17I048IU', 'Camerounaise', '1998-05-26', 'Bagodo', 0, '', 'default.png'),
(62, 'TOUKENE PIPI VARIQUE ALBERTO', 'M', '17I049IU', 'Camerounaise', '1994-05-12', 'Yaoundé', 0, '', 'default.png'),
(63, 'YAOUBA', 'M', '17I050IU', 'Camerounaise', '1996-04-26', 'Garoua', 0, '', 'default.png'),
(64, 'YONTA N. FANUEL GUILLIS', 'M', '17I051IU', 'Camerounaise', '2000-02-25', 'Foumbot', 0, '', 'default.png'),
(65, 'YOUNOUS ADOUM', 'M', '17I052IU', 'Camerounaise', '1999-02-08', 'Garoua', 0, '', 'default.png'),
(66, 'YOUSSOUF HAMIT BARKAI', 'M', '17I053IU', 'Camerounaise', '1997-12-05', 'Fada', 0, '', 'default.png'),
(67, 'YOUSSOUFA ALIM', 'M', '17I054IU', 'Camerounaise', '1996-03-05', 'Garoua', 0, '', 'default.png'),
(68, 'ZINDER MBOMBE JOSPIN', 'M', '17I055IU', 'Camerounaise', '1998-09-30', 'Ngaoundéré', 0, '', 'default.png'),
(69, 'ABBA DAHIROU', 'M', '19I001IU', 'CAMEROUNAISE', '1998-12-05', 'NGAOUNDERE', 0, '', 'default.png'),
(70, 'ABDEL AZIZ ABBO', 'M', '19I002IU', 'CAMEROUNAISE', '2001-04-06', 'Ngaoundéré', 0, '', 'default.png'),
(71, 'ABDEL AZIZ HAMIDOU', 'M', '19I003IU', 'CAMEROUNAISE', '1999-11-03', 'GAROUA', 0, '', 'default.png'),
(72, 'ABDOUL AZIZ HAMASSELBE', 'M', '19I004IU', 'CAMEROUNAISE', '1999-09-14', 'GAROUA', 0, '', 'default.png'),
(73, 'ABDOUL HABOU', 'M', '19I005IU', 'CAMEROUNAISE', '2000-06-26', 'GAROUA', 0, '', 'default.png'),
(74, 'ABDOUL WAHAB BABA', 'M', '19I006IU', 'CAMEROUNAISE', '1997-06-21', 'NGAOUNDERE', 0, '', 'default.png'),
(75, 'ABDOULAYE ABDOURAOUFI', 'M', '19I007IU', 'CAMEROUNAISE', '1998-04-08', 'NGAOUNDERE', 0, '', 'default.png'),
(76, 'ABDOULAYE ISSA NABIL', 'M', '19I060IU', 'CAMEROUNAISE', '2001-06-03', 'GAROUA', 0, '', 'default.png'),
(77, 'ABDOURAHMAN  HAMIDOU', 'M', '19I008IU', 'CAMEROUNAISE', '1999-07-07', 'BOGO', 0, '', 'default.png'),
(78, 'ABDOURAHMAN OUSSOUMANOU', 'M', '19I009IU', 'CAMEROUNAISE', '2000-12-19', 'GAROUA', 0, '', 'default.png'),
(79, 'ABDOURAMAN HAMADAMA BABANGUIDA', 'M', '19I010IU', 'CAMEROUNAISE', '2000-11-04', 'GAROUA BOULAI', 0, '', 'default.png'),
(80, 'ABOUBAKAR ALHADJI MAIGARI', 'M', '19I011IU', 'CAMEROUNAISE', '1998-12-23', 'NGAOUNDERE', 0, '', 'default.png'),
(81, 'ABOUBAKAR MOHAMADOU', 'M', '19I012IU', 'CAMEROUNAISE', '1998-01-31', 'NGAOUNDERE', 0, '', 'default.png'),
(82, 'ADOUM ABBAKAR TOM', 'M', '19I013IU', 'CAMEROUNAISE', '2000-04-21', 'GAROUA', 0, '', 'default.png'),
(83, 'AHMADOU TIDJANI', 'M', '19I052IU', 'CAMEROUNAISE', '1999-06-20', 'NGAOUNDERE', 0, '', 'default.png'),
(84, 'AHMET ABDOURAMAN BOLE', 'M', '19I014IU', 'CAMEROUNAISE', '1999-01-07', 'GAROUA', 0, '', 'default.png'),
(85, 'ASSOUMAOU ABDOULAYE', 'F', '19I053IU', 'CAMEROUNAISE', '2001-05-15', 'NGAOUNDERE', 0, '', 'default.png'),
(86, 'BAAKONE DJARWE MARIE-CLAIRE', 'F', '19I015IU', 'CAMEROUNAISE', '2001-01-19', 'TCHOLLIRE', 0, '', 'default.png'),
(87, 'BABA SARKI MAHAMA', 'M', '19I016IU', 'CAMEROUNAISE', '2000-07-14', 'DOUALA', 0, '', 'default.png'),
(88, 'BOBBO BARKINDO CHARIF YERIMA BAKARY', 'M', '19I017IU', 'CAMEROUNAISE', '2000-12-07', 'GAROUA', 0, '', 'default.png'),
(89, 'BOKALLI BOUH YVAN LOIC', 'M', '19I061IU', 'CAMEROUNAISE', '1997-07-10', 'YAOUNDE', 0, '', 'default.png'),
(90, 'BOROHOUL SOGUELNI MALACHIE', 'M', '19I062IU', 'TCHADIENNE', '2003-02-17', 'KELO', 0, '', 'default.png'),
(91, 'DJERADE GOLBE PARFAIT', 'M', '19I063IU', 'TCHADIENNE', '1999-06-12', 'N\'DJAMENA', 0, '', 'default.png'),
(92, 'DJEUGOUE DJIKEUSI STAEL EDWIN JUNIOR', 'M', '19I018IU', 'CAMEROUNAISE', '2001-07-31', 'BABOUTCHA-NINTCHEU', 0, '', 'default.png'),
(93, 'ETO  MBIA  Serge Landry', 'M', '19I019IU', 'CAMEROUNAISE', '2001-11-26', 'YAOUNDE', 0, '', 'default.png'),
(94, 'FAIZA OUMAROU', 'F', '19I054IU', 'CAMEROUNAISE', '2002-01-13', 'GAROUA', 0, '', 'default.png'),
(95, 'FAOUZIA AMINOU', 'F', '19I020IU', 'CAMEROUNAISE', '1996-02-29', 'NGAOUNDERE', 0, '', 'default.png'),
(96, 'FOHOM TCHUENTE Christian Armand', 'M', '19I055IU', 'CAMEROUNAISE', '2001-05-06', 'YAOUNDE', 0, '', 'default.png'),
(97, 'FOUDA  ONDOA Yves Jordan', 'M', '19I021IU', 'CAMEROUNAISE', '1997-04-12', 'YAOUNDE', 0, '', 'default.png'),
(98, 'HAMIDOU OUMAROU', 'M', '19I022IU', 'CAMEROUNAISE', '1998-02-06', 'DOUALA', 0, '', 'default.png'),
(99, 'KALKADAI SALOMON', 'M', '19I023IU', 'CAMEROUNAISE', '2001-08-08', 'MBARDAM', 0, '', 'default.png'),
(100, 'KAMBO TAMBA VALERE FIRMIN', 'M', '19I024IU', 'CAMEROUNAISE', '2000-12-30', 'DOUALA', 0, '', 'default.png'),
(101, 'KAMSU-KOM JORDAN', 'M', '19I025IU', 'CAMEROUNAISE', '2002-04-17', 'YAOUNDE', 0, '', 'default.png'),
(102, 'KHADIDJA HINDOU', 'F', '19I026IU', 'CAMEROUNAISE', '2000-03-30', 'TIGNERE', 0, '', 'default.png'),
(103, 'KOUNGA LOFFOU FIDELE LEVI', 'M', '19I027IU', 'CAMEROUNAISE', '1998-11-03', 'Bertoua', 0, '', 'default.png'),
(104, 'LINJOUOM ALAIN PASCAL', 'M', '19I028IU', 'CAMEROUNAISE', '2002-01-12', 'NJIMOM', 0, '', 'default.png'),
(105, 'MAMOUDOU IYAWA', 'M', '19I029IU', 'CAMEROUNAISE', '1998-07-08', 'KALALDI', 0, '', 'default.png'),
(106, 'MATAGNE TALA Felicité', 'F', '19I056IU', 'CAMEROUNAISE', '1998-11-12', 'MANGWETE', 0, '', 'default.png'),
(107, 'MATAKON NGAROUA MODESTE', 'M', '19I030IU', 'CAMEROUNAISE', '2002-08-27', 'YAOUNDE', 0, '', 'default.png'),
(108, 'MENYE  Pegguy Flora', 'F', '19I057IU', 'CAMEROUNAISE', '2002-10-02', 'YAOUNDE', 0, '', 'default.png'),
(109, 'MODO GUILENE OLGA', 'F', '19I031IU', 'CAMEROUNAISE', '2002-01-17', 'NGAOUNDERE', 0, '', 'default.png'),
(110, 'MOHAMAD DAIROU BOUBA', 'M', '19I058IU', 'CAMEROUNAISE', '2002-04-03', 'MEDINE(Arabie Saoudite)', 0, '', 'default.png'),
(111, 'MOHAMADOU AMINOU', 'M', '19I032IU', 'CAMEROUNAISE', '2001-04-27', 'NGAOUNDERE', 0, '', 'default.png'),
(112, 'MOHAMADOU MAIRAMA CELY', 'F', '19I033IU', 'CAMEROUNAISE', '2001-03-09', 'YAOUNDE 5', 0, '', 'default.png'),
(113, 'MOUHAMADOU AWALOU', 'M', '19I034IU', 'CAMEROUNAISE', '2001-10-08', 'NGAOUNDERE', 0, '', 'default.png'),
(114, 'MOUSSA ', 'M', '19I035IU', 'CAMEROUNAISE', '1999-01-07', 'NGAOUNDERE', 0, '', 'default.png'),
(115, 'MOUSSA ABOUBAKAR MOUSSA', 'M', '19I036IU', 'CAMEROUNAISE', '2004-11-19', 'KOUSSERI', 0, '', 'default.png'),
(116, 'NAOUDIGAPOU LUCIEN', 'M', '19I037IU', 'CAMEROUNAISE', '2000-09-18', 'GUIDER', 0, '', 'default.png'),
(117, 'NDEMEZO\'O EDOU PAUL CAROL', 'M', '19I038IU', 'CAMEROUNAISE', '1996-10-13', 'NNEZAM', 0, '', 'default.png'),
(118, 'NDI ETOUNDI CELESTIN WILLIAM', 'M', '19I039IU', 'CAMEROUNAISE', '2002-04-10', 'DOUALA', 0, '', 'default.png'),
(119, 'NDOH  Marien Monbonheur', 'M', '19I040IU', 'CAMEROUNAISE', '1997-02-24', ' AKOMNYADA II -MBALMAYO', 0, '', 'default.png'),
(120, 'NEMBA KOBE Aaron Luther ', 'M', '19I041IU', 'CAMEROUNAISE', '2002-04-16', 'YAOUNDE', 0, '', 'default.png'),
(121, 'NJI Hope MUNYAM', 'M', '19I042IU', 'CAMEROUNAISE', '2001-10-08', 'NGAOUNDERE', 0, '', 'default.png'),
(122, 'NKWENKEU TETCHOU AUDRE ELODIE', 'F', '19I043IU', 'CAMEROUNAISE', '2003-09-12', 'BAZOU', 0, '', 'default.png'),
(123, 'NOULEHO NOUADJE JEFFRIED', 'M', '19I059IU', 'CAMEROUNAISE', '2001-10-16', 'NGAOUNDERE', 0, '', 'default.png'),
(124, 'NTENGA Hugo Stephane', 'M', '19I044IU', 'CAMEROUNAISE', '2000-05-10', 'DOUALA', 0, '', 'default.png'),
(125, 'SOUDAISSI SOULEYMAN', 'M', '19I045IU', 'CAMEROUNAISE', '1999-04-25', 'NGAOUNDERE', 0, '', 'default.png'),
(126, 'TCHAYA TCHONTA YVAN STEPHANE', 'M', '19I046IU', 'CAMEROUNAISE', '2002-01-15', 'NGAOUNDERE', 0, '', 'default.png'),
(127, 'TEGUIMENE YENDJI Furel De Consol', 'M', '19I047IU', 'CAMEROUNAISE', '2001-03-19', 'DSCHANG', 0, '', 'default.png'),
(128, 'TELLENG JEAN MARIE BENOIT', 'M', '19I048IU', 'CAMEROUNAISE', '2000-05-22', 'NGAOUNDERE', 0, '', 'default.png'),
(129, 'TIFUH-JANE Victory Anjeck', 'F', '19I049IU', 'CAMEROUNAISE', '2000-05-21', 'MBENGWI', 0, '', 'default.png'),
(130, 'VANDI MATAKON ALFRED', 'M', '19I050IU', 'CAMEROUNAISE', '1998-08-30', 'GAROUA', 0, '', 'default.png'),
(131, 'ZILE NDJIBE MYLENA MELISSA', 'F', '19I051IU', 'CAMEROUNAISE', '2002-01-08', 'BETARE-OYA', 0, '', 'default.png');

-- --------------------------------------------------------

--
-- Table structure for table `examens`
--

CREATE TABLE `examens` (
  `id_examen` int(11) NOT NULL,
  `date` date NOT NULL,
  `heure_debut` time NOT NULL,
  `heure_fin` time NOT NULL,
  `personnel_id` int(11) DEFAULT NULL,
  `ec_id` int(11) NOT NULL,
  `type_id` int(11) NOT NULL,
  `annee_id` int(11) NOT NULL,
  `niv_par_id` int(11) NOT NULL,
  `statut_env` enum('programme','anonymise','note','publie') NOT NULL DEFAULT 'programme'
) ENGINE=InnoDB DEFAULT CHARSET=utf8;

--
-- Dumping data for table `examens`
--

INSERT INTO `examens` (`id_examen`, `date`, `heure_debut`, `heure_fin`, `personnel_id`, `ec_id`, `type_id`, `annee_id`, `niv_par_id`, `statut_env`) VALUES
(2, '2019-10-02', '00:00:00', '00:00:00', NULL, 23, 3, 2, 0, 'note'),
(3, '2019-10-02', '00:00:00', '00:00:00', NULL, 18, 3, 2, 0, 'note'),
(4, '2019-10-02', '00:00:00', '00:00:00', NULL, 19, 3, 2, 0, 'note'),
(5, '2019-10-02', '00:00:00', '00:00:00', NULL, 28, 3, 2, 0, 'note'),
(6, '2019-10-02', '00:00:00', '00:00:00', NULL, 24, 3, 2, 0, 'note'),
(7, '2019-10-02', '00:00:00', '00:00:00', NULL, 22, 3, 2, 0, 'note'),
(8, '2019-10-02', '00:00:00', '00:00:00', NULL, 21, 3, 2, 0, 'note'),
(9, '2019-10-02', '00:00:00', '00:00:00', NULL, 25, 3, 2, 0, 'note'),
(10, '2019-10-02', '00:00:00', '00:00:00', NULL, 26, 3, 2, 0, 'note'),
(11, '2019-10-02', '00:00:00', '00:00:00', NULL, 27, 3, 2, 0, 'note'),
(12, '2019-10-02', '00:00:00', '00:00:00', NULL, 29, 3, 2, 0, 'note'),
(13, '2019-10-02', '00:00:00', '00:00:00', NULL, 30, 3, 2, 0, 'note'),
(14, '2019-10-02', '00:00:00', '00:00:00', NULL, 31, 3, 2, 0, 'note'),
(15, '2019-10-02', '00:00:00', '00:00:00', NULL, 32, 3, 2, 0, 'note'),
(16, '2019-10-02', '00:00:00', '00:00:00', NULL, 34, 3, 2, 0, 'note'),
(17, '2019-10-02', '00:00:00', '00:00:00', NULL, 33, 3, 2, 0, 'note'),
(18, '2019-10-02', '00:00:00', '00:00:00', NULL, 35, 3, 2, 0, 'note'),
(19, '2019-10-02', '00:00:00', '00:00:00', NULL, 36, 3, 2, 0, 'note'),
(20, '2019-10-02', '00:00:00', '00:00:00', NULL, 23, 1, 2, 0, 'note'),
(21, '2019-10-02', '00:00:00', '00:00:00', NULL, 18, 1, 2, 0, 'note'),
(22, '2019-10-02', '00:00:00', '00:00:00', NULL, 19, 1, 2, 0, 'note'),
(23, '2019-10-02', '00:00:00', '00:00:00', NULL, 28, 1, 2, 0, 'note'),
(24, '2019-10-02', '00:00:00', '00:00:00', NULL, 24, 1, 2, 0, 'note'),
(25, '2019-10-02', '00:00:00', '00:00:00', NULL, 22, 1, 2, 0, 'note'),
(26, '2019-10-02', '00:00:00', '00:00:00', NULL, 21, 1, 2, 0, 'note'),
(27, '2019-10-02', '00:00:00', '00:00:00', NULL, 25, 1, 2, 0, 'note'),
(28, '2019-10-02', '00:00:00', '00:00:00', NULL, 26, 1, 2, 0, 'note'),
(29, '2019-10-02', '00:00:00', '00:00:00', NULL, 27, 1, 2, 0, 'note'),
(30, '2019-10-02', '00:00:00', '00:00:00', NULL, 29, 1, 2, 0, 'note'),
(31, '2019-10-02', '00:00:00', '00:00:00', NULL, 30, 1, 2, 0, 'note'),
(32, '2019-10-02', '00:00:00', '00:00:00', NULL, 31, 1, 2, 0, 'note'),
(33, '2019-10-02', '00:00:00', '00:00:00', NULL, 32, 1, 2, 0, 'note'),
(34, '2019-10-02', '00:00:00', '00:00:00', NULL, 34, 1, 2, 0, 'note'),
(35, '2019-10-02', '00:00:00', '00:00:00', NULL, 33, 1, 2, 0, 'note'),
(36, '2019-10-02', '00:00:00', '00:00:00', NULL, 35, 1, 2, 0, 'note'),
(37, '2019-10-02', '00:00:00', '00:00:00', NULL, 36, 1, 2, 0, 'note'),
(38, '2020-10-05', '08:00:00', '11:00:00', 9, 18, 1, 2, 1, 'programme'),
(39, '2020-10-05', '08:00:00', '11:00:00', 17, 18, 1, 2, 1, 'programme'),
(40, '2020-10-01', '08:00:00', '11:00:00', NULL, 12, 1, 2, 2, 'programme'),
(42, '2020-09-10', '08:00:00', '11:00:00', NULL, 30, 1, 2, 1, 'note'),
(43, '2020-09-15', '11:00:00', '14:00:00', NULL, 24, 1, 2, 1, 'programme'),
(44, '2020-10-10', '00:00:00', '00:00:00', NULL, 30, 3, 2, 0, 'note'),
(45, '2020-10-10', '00:00:00', '00:00:00', NULL, 30, 3, 2, 0, 'note'),
(46, '2020-10-10', '00:00:00', '00:00:00', NULL, 30, 3, 2, 0, 'note'),
(47, '2020-10-10', '00:00:00', '00:00:00', NULL, 30, 3, 2, 0, 'note'),
(48, '2020-10-10', '00:00:00', '00:00:00', NULL, 30, 3, 2, 0, 'note'),
(49, '2020-10-10', '00:00:00', '00:00:00', NULL, 30, 3, 2, 1, 'note'),
(50, '2020-10-10', '00:00:00', '00:00:00', NULL, 30, 3, 2, 1, 'note'),
(51, '2020-10-10', '00:00:00', '00:00:00', NULL, 30, 3, 2, 1, 'note'),
(52, '2020-10-10', '00:00:00', '00:00:00', NULL, 30, 3, 2, 1, 'note'),
(53, '2020-10-10', '00:00:00', '00:00:00', NULL, 30, 3, 2, 1, 'note'),
(54, '2020-10-10', '00:00:00', '00:00:00', NULL, 30, 3, 1, 1, 'note'),
(55, '2020-10-10', '00:00:00', '00:00:00', NULL, 30, 3, 1, 1, 'note'),
(56, '2020-10-10', '00:00:00', '00:00:00', NULL, 30, 3, 1, 1, 'note');

-- --------------------------------------------------------

--
-- Table structure for table `fichier`
--

CREATE TABLE `fichier` (
  `id_fic` int(11) NOT NULL,
  `nom_fic` varchar(255) NOT NULL,
  `original_name` varchar(255) NOT NULL,
  `taille` int(11) NOT NULL,
  `format` varchar(255) NOT NULL,
  `memoire_id` int(11) NOT NULL
) ENGINE=InnoDB DEFAULT CHARSET=latin1;

--
-- Dumping data for table `fichier`
--

INSERT INTO `fichier` (`id_fic`, `nom_fic`, `original_name`, `taille`, `format`, `memoire_id`) VALUES
(1, 'gin/_GIN2_17I023IU.pdf', 'MEMOIRE-DUT-LAMBEY BAKARGA CHARLES THIERRY .pdf', 2160963, 'application/pdf', 8),
(2, 'gin/_GIN2_17I027IU.pdf', 'MEMOIRE-DUT-LAMBEY BAKARGA CHARLES THIERRY .pdf', 2160963, 'application/pdf', 9),
(3, 'gin/_GIN2_16I032IU.pdf', 'MemoireFINALE.pdf', 4823392, 'application/pdf', 10),
(4, 'gin/_GIN2_17I045IU.pdf', 'Correction rapport Soureiya (2).pdf', 1932004, 'application/pdf', 11),
(5, 'gin/_GIN2_16I020IU.pdf', 'IsmailaHamadou.pdf', 1443640, 'application/pdf', 12),
(6, 'gin/_GIN2_17I011IU.pdf', 'RAPPORT NGANJO.pdf', 2298521, 'application/pdf', 13),
(7, 'gin/_GIN2_17I028IU.pdf', 'memoire DUT 2019.pdf', 671521, 'application/pdf', 14),
(8, 'gin/_GIN2_17I037IU.pdf', 'Memoire De Fin d\'Etude DUT Final - Alfred Ndengue - 2019.pdf', 2280395, 'application/pdf', 15),
(9, 'gin/_GIN2_17I001IU.pdf', 'memoire addoul AZIZ.pdf', 4436207, 'application/pdf', 16),
(10, 'gin/_GIN2_17I042IU.pdf', 'corps_du_rapport.pdf', 2074954, 'application/pdf', 17),
(11, 'gin/_GIN2_17I015IU.pdf', 'memoire finale.pdf', 1551885, 'application/pdf', 18),
(12, 'gin/_GIN2_17I048IU.pdf', 'rapport stage ABC.pdf', 2520836, 'application/pdf', 19),
(13, 'gin/_GIN2_17I019IU.pdf', 'memoire de DUT ela obate - info.pdf', 2577467, 'application/pdf', 20),
(14, 'gin/_GIN2_17I020IU.pdf', 'mémoire fotsing talla cedric 2.pdf', 1396436, 'application/pdf', 21),
(15, 'gin/_GIN2_17I052IU.pdf', 'Rapport.pdf', 1775808, 'application/pdf', 22),
(16, 'gin/_GIN2_17I017IU.pdf', 'memoire djomo corrige.pdf', 4384522, 'application/pdf', 23),
(17, 'gin/_GIN2_17I023IU1.pdf', 'Memoire final DUT.pdf', 1269540, 'application/pdf', 24),
(18, 'gin/_GIN2_17I041IU.pdf', 'Rapport_Makany.pdf', 2555172, 'application/pdf', 25),
(19, 'gin/_GIN2_17I039IU.pdf', 'Mémoire de fin d\'études DUT Corigé.pdf', 2705446, 'application/pdf', 26),
(20, 'gin/_GIN2_17I057IU.pdf', 'Ndogmoui Mbobe Habibe S.pdf', 3521678, 'application/pdf', 27),
(21, 'gin/_GIN2_17I007IU.pdf', 'mon mémoire.pdf', 3695504, 'application/pdf', 28),
(22, 'gin/_GIN2_17I008IU.pdf', 'TRAVAILSOUTENANCE1.pdf', 736936, 'application/pdf', 29),
(23, 'gin/_GIN2_17I031IU.pdf', 'memoire finale MBOP-MBOP reparé.pdf', 2334167, 'application/pdf', 30),
(24, 'gin/_GIN2_17I013IU.pdf', 'memoire DUT 2019.pdf', 1289529, 'application/pdf', 31),
(25, 'gin/_GIN2_17I050IU.pdf', 'DUT  YAOUBA.pdf', 2769553, 'application/pdf', 32),
(26, 'gin/_GIN2_17I030IU.pdf', 'MBAIDJE GUN ABEL23-09-2019.pdf', 991773, 'application/pdf', 33),
(27, 'gin/_GIN2_17I002IU.pdf', 'MON VRAI RAPOR.pdf', 1887481, 'application/pdf', 34),
(28, 'gin/_GIN2_17I035IU.pdf', 'Rapport de stage MOHAMMED HOSNI MOUBARAK.pdf', 1746899, 'application/pdf', 35),
(29, 'gin/_GIN2_17I053IU.pdf', 'rapportp.pdf', 2115154, 'application/pdf', 36),
(30, 'gin/_GIN2_17I056IU.pdf', 'MEMOIRE MATEKE.pdf', 2684748, 'application/pdf', 37),
(31, 'gin/_GIN2_16I008IU.pdf', 'final-converti.pdf', 2041581, 'application/pdf', 38),
(32, 'gin/_GIN2_17I033IU.pdf', 'RAPPORT VP.pdf', 1895727, 'application/pdf', 39),
(33, 'gin/_GIN2_16I001IU.pdf', 'Mon Rapport corrige.pdf', 1535275, 'application/pdf', 40),
(34, 'gin/_GIN2_17I024IU.pdf', 'Rapport_24-09-2019.pdf', 1708492, 'application/pdf', 41),
(35, 'gin/_GIN2_16I002IU.pdf', 'Abdoul-Aziz.pdf', 1443640, 'application/pdf', 42),
(36, 'gin/_GIN2_17I043IU.pdf', 'atire.pdf', 2047505, 'application/pdf', 43),
(37, 'gin/_GIN2_17I032IU.pdf', 'MonRapportFinal.pdf', 2656152, 'application/pdf', 44);

-- --------------------------------------------------------

--
-- Table structure for table `fonctions`
--

CREATE TABLE `fonctions` (
  `id_fonction` int(11) NOT NULL,
  `intitule_fonction` varchar(50) NOT NULL
) ENGINE=InnoDB DEFAULT CHARSET=utf8;

--
-- Dumping data for table `fonctions`
--

INSERT INTO `fonctions` (`id_fonction`, `intitule_fonction`) VALUES
(1, 'webmaster'),
(2, 'Maitre de Conference'),
(3, 'Charge de Cours'),
(4, 'Enseignant'),
(5, 'Chef de Departement'),
(6, ''),
(7, 'Cadre CNS et Météo'),
(8, 'Enseignant à l’IUT'),
(9, 'Administrateur des bases de donnée'),
(10, 'Chef du centre CDTIC'),
(11, 'Administrateur réseau'),
(12, 'Université de Ngaoundéré'),
(13, 'agent SYGALIN'),
(14, 'Chef d\'usine a TPM S.A'),
(15, 'Enseignant à l\'IUT de Ngaoundéré'),
(16, 'Chef Service Informatique et Publication Assistée '),
(17, 'Chef de la cellule informatique'),
(18, 'Cadre d\'appui'),
(19, 'Chef Unité Maintenance IRE/IGC'),
(20, 'Responsable du centre de formation Multisoft Acade'),
(21, 'Administrateur de bases de données'),
(22, 'Ingénieur des travaux génie civil'),
(23, 'Ingénieur des travaux informatique'),
(24, 'ND'),
(25, 'Cadre à la DEL'),
(26, 'Enseignant à l\'IUT'),
(27, 'Cadre à la DEP'),
(28, 'Administrateur de base de donnée'),
(29, 'Cadre maintenance ELB à l\'aérodrome de Garoua'),
(30, 'Chef de Centre du CDTIC'),
(31, 'Responsable cellule informatique de l\'HPN'),
(32, 'Enseignant à l\'Université de Ngaoundéré'),
(33, 'Responsable Informatique'),
(34, 'Chef de Départenent Informatiaue (IUT)'),
(35, 'Chef du Départenant des Système d\'information de D'),
(36, 'Ingénieur d\'étude n 2'),
(37, 'Chargé de cours à l\'ENSAI');

-- --------------------------------------------------------

--
-- Table structure for table `grades`
--

CREATE TABLE `grades` (
  `id_grade` int(11) NOT NULL,
  `nom_grade` varchar(255) NOT NULL
) ENGINE=InnoDB DEFAULT CHARSET=utf8;

--
-- Dumping data for table `grades`
--

INSERT INTO `grades` (`id_grade`, `nom_grade`) VALUES
(1, 'Assistant'),
(2, 'Chargé de cours'),
(3, 'Enseignant technique'),
(4, 'Professeur'),
(5, 'Maitre de conférences'),
(6, 'Etudiant'),
(7, 'Aucun grade');

-- --------------------------------------------------------

--
-- Table structure for table `jours`
--

CREATE TABLE `jours` (
  `id_jour` int(11) NOT NULL,
  `intitule_jour` varchar(255) NOT NULL,
  `num_jour` int(11) NOT NULL
) ENGINE=InnoDB DEFAULT CHARSET=latin1;

--
-- Dumping data for table `jours`
--

INSERT INTO `jours` (`id_jour`, `intitule_jour`, `num_jour`) VALUES
(1, 'Lundi', 1),
(2, 'Mardi', 2),
(3, 'Mercredi', 3),
(4, 'Jeudi', 4),
(5, 'Vendredi', 5),
(6, 'Samedi', 6);

-- --------------------------------------------------------

--
-- Table structure for table `memoire`
--

CREATE TABLE `memoire` (
  `id_memoire` int(11) NOT NULL,
  `resumer` text NOT NULL,
  `stage` int(11) NOT NULL,
  `datepost` datetime NOT NULL DEFAULT current_timestamp(),
  `date_updated` datetime NOT NULL DEFAULT current_timestamp() ON UPDATE current_timestamp(),
  `status_memoire` int(1) NOT NULL,
  `mots_cles` varchar(255) DEFAULT NULL,
  `nb_telechargement` int(11) NOT NULL DEFAULT 0
) ENGINE=InnoDB DEFAULT CHARSET=latin1;

--
-- Dumping data for table `memoire`
--

INSERT INTO `memoire` (`id_memoire`, `resumer`, `stage`, `datepost`, `date_updated`, `status_memoire`, `mots_cles`, `nb_telechargement`) VALUES
(9, 'L’Institut Universitaire de Technologie (IUT) de l’Université de Ngaoundéré est un\r\nEtablissement Technologique d’Enseignement Supérieur. Depuis sa création nous y retrouvons\r\nla Direction, les Divisions, Départements et Services produisent et reçoivent un certain nombre\r\ndes documents liés au fonctionnement de l’école. Tous ces documents, quelque soient leurs\r\nformes, date ou même leurs supports matériels, sont destinés à être conservés. L’institut\r\nuniversitaire de technologie (IUT) de Ngaoundéré dans l’optique de faciliter et d’apporter une\r\nfluidité dans ses activités de gestion a sollicité la mise en place d’un système informatique\r\nd’archivage des documents administratifs. Il nous a été confié la tâche de développer une &lt;&lt;\r\nAPPLICATION D’ARCHIVAGE DE DOCUMENT ADMINISTRATIF &gt;&gt; qui devra\r\npermettre un stockage organisé des données, un gain de place physique, une réduction du cout\r\ndans la gestion d\'archive, un accès rapide aux documents archives, le partage de document, une\r\nsécurité des informations et d’avoir l’historique de tous les documents archivés à une période\r\ndonnée. Pour parvenir aux résultats escomptés, en utilisant une méthode agile, nous avons tout\r\nd’abord étudié la procédure d’archivage manuelle, effectué l’analyse et la conception du\r\nsystème, et enfin réaliser implémentation. Au terme de ce travail, nous avons développé une\r\napplication permettant l’archivage des documents administratifs de l’IUT. Il est à noter que\r\nl’application est en cours de validation.', 45, '2020-09-20 15:27:41', '2020-09-20 15:29:22', 1, 'archivage,memoire,adminitratif', 0),
(10, 'L’ ASCENA définie pour chaque jour de travail un groupe d’employés qui doit s’occuper des\r\nopérations de navigation aérienne au sein du bloc technique. Pour ce faire, elle a mis en place un système\r\nqui consiste à enregistrer manuellement les opérations réalisées au cours de la journée et les états des\r\néquipements dans les registres pour chaque service. L’objectif visé est de permettre de rédiger en fin de\r\njournée un rapport des événements survenus et le personnel en place. Il se trouve que dans l’accomplissement\r\nde cette tâche, la personne en charge doit fouiller le registre de chaque service pour identifier les informations\r\npertinentes. Au fil de temps, la réalisation de cette tâche devient lourd, lent et pénible au vu du nombre de\r\nregistres à consulter.\r\nC’est dont pour cela que l’ASCENA a jugée nécessaire d’automatiser ce processus de gestion. Le\r\nbut est de permettre de réaliser rapidement un rapport journalier et de faire la traçabilité des évènements qui\r\nse sont déroulé au cours d’une journée à travers un logiciel.\r\nPour y arriver, nous avons commencé par réaliser une étude des registres AIM et MIRE de\r\nl’ASCENA afin d’extirper les informations pouvant être utilisées dans le système. L’analyse de ces\r\ninformations a été réalisées avec le langage UML et le développement du système avec les langages PHP,\r\nHTML, CSS et JavaScript.\r\nL’application Web développée propose des interfaces permettant aux services d’effectuer par\r\nexemple l’enregistrement du personnel en place et des états équipements d’atterrissage des avions liés au\r\nservice.\r\nLe présent rapport s’articule autour de trois chapitres. Dans le premier chapitre, nous effectuons une\r\nétude de l’existant. Au chapitre deux, il est présenté la modélisation du système. Le développement et\r\nl’implémentation, le résultats et discussions sont présentés au chapitre trois.', 43, '2020-10-08 17:56:31', '2020-10-08 17:56:31', 1, 'Registres,Services,Contrôle,Marge', 0),
(11, 'Afin de permettre une vue globale sur l\'ensemble des matériels de l’entreprise, de faire\r\nl\'inventaire de l\'ensemble des ressources existantes, les institutions publiques et les entreprises\r\nressentent de plus en plus le besoin de mettre en place un outil bien structuré et sécurisé de la\r\ngestion du parc informatique. De plus, la quantité de matériels et de logiciels à gérer au sein\r\nde l\'entreprise souvent repartie dans les espaces éloignés, les exigences de performance et de\r\nréactivité font que l’utilisation d’un logiciel de gestion de parc informatique est devenue un\r\nprocessus indispensable. C’est pour répondre à ces exigences que la société de développement\r\nde coton nous a demandé de faire une configuration et une mise à jour du logiciel de gestion\r\nlibre de parc informatique (GLPI) en fonction de leurs besoins. Pour atteindre les objectifs\r\nfixé par la SODECOTON, nous avons procédé à des entretiens pour déterminer les différents\r\nacteurs. Pour atteindre l’objectif, nous avons utilisé l’éditeur de texte pour l’ajout des\r\nchamps ; la connexion internet pour télécharger les plugins consumables, fusioninventory,\r\npdf, browsernotification, dashboard ; le navigateur pour utiliser l’application : wampserver\r\npour héberger l’application au niveau local.', 26, '2020-10-08 18:20:07', '2020-10-08 18:20:07', 1, 'GLPI,parc,informatique,matériels,logiciels, configuration,mise,à,jour', 0),
(12, 'Dans le cadre de notre formation en informatique, un stage professionnel est programmé en 2ème\r\nannée et a pour objectif principal de permettre à l’étudiant de s’imprégner dans le milieu Professionnel\r\ntout en ayant une contribution dans le bon fonctionnement de l’entreprise. Ainsi, la formation\r\nprofessionnelle est devenue une exigence pour toutes les nations désirant s’améliorer dans tous les\r\nniveaux pour qu’elles suivent l’évolution que le monde connaît dans tous les domaines. Le stage a donc\r\nune importance considérable du moment qu’il permet un contact direct avec le milieu professionnel.\r\nAussi le domaine de travail permet au stagiaire d’être responsable, attentif et capable de prendre les\r\ndécisions. Par ailleurs, le stage que nous avons effectués au sein du CDTIC nous a permis d’acquérir une\r\nbonne expérience dans la vie professionnelle, ça a constitué une bonne occasion pour nous d’exploiter\r\nnotre savoir-faire et nos compétences que nous avons acquises durant nos études supérieures, aussi pour\r\nêtre au courant de l’historique et de la situation actuelle de l’organisation interne ainsi que de certains\r\nproblèmes affrontés par les sociétés. C’est dans cet optique que nous avons travaillé sur le\r\ndéveloppement d’une application web et mobile du système de transport de la ville de Ngaoundere Le\r\nprésent document est structuré en trois chapitres. Le premier chapitre présente le contexte et\r\nemblématique de notre sujet. Le deuxième chapitre est consacré à l’analyse et la conception du projet. En\r\nfin le dernier chapitre présente l’implémentation et les tests.', 37, '2020-10-09 09:11:43', '2020-10-09 09:11:43', 1, 'Developpement,application,gestion,transport,urbain,Ngaoundere', 0),
(13, 'La taille des réseaux ne cessant de grandir de jour en jour et l’importance de ceux-ci dans le monde\r\nde l’entreprise prenant une place prépondérante, le besoin de contrôler en temps réel leur qualité et\r\nleur état est rapidement devenu une priorité. C’est dans ce but qu’est apparu depuis une vingtaine\r\nd’années le concept de supervision de réseaux\r\nLa supervision est un terrain vaste qui nous appelle à utiliser un outil adapter pour cela. Pour ce faire\r\nnous allons faire une étude comparative des différents outils de supervision et en faire notre choix\r\nqui est l’outil EON. EON nous permettra de superviser l’état de nos ressources, ajouter des\r\nTemplate, créer de nouvel hôtes et même de sous hôtes, voir la cartographie et aussi de permettre la\r\nnotification soit par sms soit par mail à nos techniciens.\r\nAinsi nous présenterons dans ce document la supervision de l’infrastructures réseaux ainsi qu’une\r\nimplémentation sur une machine virtuelle.', 28, '2020-10-09 10:56:00', '2020-10-09 10:56:00', 1, 'Plateforme,intervention,infrastructures,réseau,CENADI', 0),
(14, 'L’ASECNA (Agence pour la Sécurité de la navigation Aérienne en Afrique et à\r\nMadagascar) dans le cadre de faciliter le travail aux agents de sécurité de son bloc technique a\r\ndécidé d’informatiser l’enregistrement des personnes extérieurs (visiteurs, stagiaire...) à cette\r\nagence et le stationnement de ses véhicules de services dans le parking. Il s’agit d’un logiciel de\r\ncontrôle d’accès personnes et véhicules de services. UML a été utilisé pour l’analyse et la\r\nconception du système. Le développement a été réalisé en PHP ; HTML, CSS sur le Framework\r\nCodeIgniter. Apache et MySQL ont été utilisé comme serveur web et système de gestion de base\r\nde données respectivement. L’application mis sur pied, permet aux agents de sécurité du bloc\r\ntechnique de l’ASECNA d’enregistrer automatiquement et en toute sécurité les accès des\r\npersonnes et le déplacement des véhicules de service.', 33, '2020-10-09 11:12:59', '2020-10-09 11:12:59', 1, 'Automatisation,contrôle,accès,technique,ASECNA', 0),
(15, 'Notre projet consiste en l’ étude, la conception et la réalisation d’une application de gestion\r\ndu planning des missions à la Direction Informatique de la SODECOTON ; Ceci permet\r\nl’amélioration de la gestion de suivi des missions effectuées. L’objectif majeur de cette application\r\nest la gestion des missions. Pour atteindre cet objectif, nous avons regroupé cinq (5) grands\r\nmodules en deux grandes partie, à savoir : la Gestion des Missions, des Avis de Missions et des\r\nOrdres de Mission comme première partie, et la Gestions des Comptes d’Utilisateurs, des Raports\r\nde Missions et celle de l’Impression des formulaires comme deuxième partie, et c’est cette dernière\r\npartie uniquement qui a fait objet de notre travail. Pour atteindre cet objectif nous avons fait recours\r\nà une plateforme web basée sur une architecture 3 tiers dont MySQL comme système de gestion\r\nde bases de données, UML(Unified Modeling Language) comme langage de modélisation et\r\nsublime Texte comme IDE (Integrated Development Environment). Notre application sera\r\nexploitée principalement par les personnels de la Direction Informatique et ceux de la Direction\r\ndes Affaires Générales de la SODECOTON. Le présent mémoire décrit les différents étapes de\r\nréalisation de ce projet.', 34, '2020-10-09 11:22:36', '2020-10-09 11:22:36', 1, 'Rapport de mission,Planning,Compte d’utilisateur,Impression.', 0),
(16, 'L’Institut Universitaire de Technologie (IUT) de Ngaoundéré dans l’optique de faciliter et\r\nd’apporter une fluidité dans ses activités de gestion a sollicité la mise en place d’un système\r\ninformatique de gestion de notes. Il nous a été confié la tâche de développer une application de\r\ngestion de notes qui devra permettre non seulement le traitement des notes, mais aussi de gérer les\r\nétudiants, la production des résultats et des états liés à cette gestion. Pour parvenir aux résultats\r\nescomptés, en utilisant une méthode agile, nous avons tout d’abord étudié la procédure de gestion\r\nde notes, ensuite effectué l’analyse et la conception du système, et enfin réaliser l’implémentation.\r\nAu terme de ce travail, nous avons développé une application permettant la gestion de notes à\r\nl’IUT. Cette application permet de gérer le module de base qui est l’importation des étudiants dans\r\nla base de données, en les attribuant si nécessaire des matricules. Ceci est indispensable dans la\r\ngestion de notes et permet d’obtenir les résultats et les différents états sur la gestion des notes des\r\nétudiants (les listes des étudiants, les différents procès-verbaux des notes, les profils académiques,\r\nrelevé de note, attestation de réussite, historique d’un étudiant ...). Il est à noter que l’application\r\nest en cours de validation.', 30, '2020-10-12 14:41:54', '2020-10-12 14:45:06', 1, 'Developpement,application,gestion,notes,l\'IUT,Ngaoundéré', 0),
(17, 'SYGALIN SAS est une entreprise très jeune chargée de la gestion appliquée des activités du\r\nGroupeLIN. La DSI (Département du système d’information) de sygalin sas étant la même DSI\r\nde DJABBAMA DONIYA (DJADOU) pour étendre ses ventes des produits (logiciels et\r\napplications) qu’elle développe, l’offre de ses services à l’échelle internationale et automatiser\r\nses activités, envisage de mettre en place une « Plate-forme de contrôle et de management de\r\nsygalin sas ». Le travail qui nous a été soumis consiste donc à mettre sur pied le Site web de\r\nsygalin sas pour pouvoir commercialiser ses produits et offrir ses services aux clients. Pour\r\natteindre nos objectifs, nous avons utilisé UML pour la modélisation et la conception du projet,\r\nMYSQL pour la gestion des Bases de données. L’implémentation a été faite sur l’environnement\r\nde développement PhPStrom, avec des langages de programmation comme HTML (HyperText\r\nMarkup Language), JS (JavaScript), PHP (HyperText Preprocessor), CSS (Cascading Style\r\nSheets) et enfin avec le Framework web CodeIgniter qui est libre et édité en PHP par JetBrains\r\nsuivant le motif MVC.', 29, '2020-10-12 14:55:35', '2020-10-12 14:55:35', 1, 'Conception,developpement,plateforme,controle,Management,SYGALIN', 0),
(18, 'L’objectif du service de production dans une structure est de maintenir ou d’accroître la\r\ncapacité de production pour répondre à la demande de plus en plus croissante sur le\r\nmarché et d’assurer une meilleure qualité du produit (passant par un strict respect du\r\nprocessus de production). Il serait donc bénéfique pour celle-ci que la qualité de gestion\r\napportée à ses produits soit excellente. Pour ce fait, on a envisagé de mettre en place un\r\nsystème informatique qui pourra gérer les stocks et la clientèle. Ce travail a deux\r\nprincipaux objectifs donc le premier consiste à gérer les flux (entrée et sortie) des produits\r\nfabriqués et importés respectivement de l‘entreprise. Le deuxième objectif est la gestion\r\ndes clients ravitaillé par l’entreprise. Pour atteindre ces objectifs, nous avons étudié le\r\nsystème existant et ses limites. Ce qui nous a conduit à proposer un nouveau système\r\nfacile à utiliser avec pour thème Gestion Des Stocks et de la Clientèle qui a été réalisé\r\navec les langages de programmation tels que PHP (Hypertext Preprocessor), Java Script\r\n(JS), HTML (Hyper Text Markup Langage), CSS (Cascading Style Sheets) et enfin avec\r\nles technologies telles que Bootstrap et Ajax. Les tests en local dans un ordinateur que cet\r\nsolution peut être déployée dans cet environnement pour améliorer leur rendement.', 41, '2020-10-12 15:18:29', '2020-10-12 15:18:29', 1, 'Gestion,stocks,clientèle', 0),
(19, 'L’Alliance Biblique du Cameroun (ABC) comme toutes les Alliances Bibliques\r\ndu monde traduit et produit les Saintes Ecritures et les rend disponible au grand\r\npublique, à des prix qui soient à la portée de tous. Chaque année, l’on enregistre la\r\nproduction ou la réédition de près de 200 ouvrages. Dans le souci d’une plus grande\r\ndiffusion et accessibilité, il nous a été confié l’intégration au site web de l’ABC une\r\napplication de vente en ligne. Pour parvenir à ce résultat, il a été question tout\r\nd’abord de faire une étude du fonctionnement de cette structure, dans le but de\r\nrécolter les informations nécessaires pour l’amélioration du nouveau système ;\r\nensuite, nous avons fait une analyse des informations collectées par le biais du\r\nlangage de modélisation UML (Unified Modeling Language) ; enfin, l’implémentation\r\na suivi grâce au CMS (Content Management System) WORDPRESS. Au terme de\r\nce travail, a été intégrée au site de l’Alliance Biblique du Cameroun (ABC) une\r\nboutique en ligne.', 27, '2020-10-12 15:43:25', '2020-10-12 15:43:25', 1, 'Intégration,module, d’e-commerce,d’Alliance,Biblique,Cameroun', 0),
(20, 'L’automatisation de l’information est devenue de plus en plus une nécessité dans chaque\r\nentreprise. Pour faciliter le partage de ces informations soit avec le monde interne (réseau local\r\nd’entreprise) ou externe (Internet), nous avons besoin d’installer un réseau local (LAN). Ainsi,\r\nchaque entreprise souhaite disposer d’un réseau local performant et garantissant une\r\ndisponibilité des services qui y sont déployés.\r\nLa CSPH dispose d’un réseau local comptant plus de 400 utilisateurs dans une\r\narchitecture plate. Autrement dit, tous les terminaux connectés au LAN de la CSPH\r\ntransmettent les paquets dans un même domaine de diffusion. Pourtant l’organigramme\r\nadministratif de l’entreprise permet de distinguer aisément les différents départements de\r\nl’entreprise qui peuvent être pris en compte logiquement dans l’architecture réseau de la CSPH.\r\nIl a donc été constaté que cette forme d’interconnexion des terminaux est à l’origine de\r\nla saturation du réseau, l’arrêt de certains services, la diminution du niveau de sécurité et par\r\nconséquent la réduction de la productivité de l’entreprise.\r\nPour pallier ces problèmes, la CSPH a décidé de segmenter son réseau local, et ceci\r\nconstitue l’objet de notre étude.\r\nPour y arriver, nous avons effectué un inventaire de l’infrastructure informatique de la\r\nCSPH afin d’identifier les différentes ressources qui s’y trouvent. Ensuite, nous avons proposé\r\nun nouveau plan de câblage qui intègre un switch de niveau 3 qui permet de segmenter le réseau\r\nen VLANs et de réaliser la communication inter-VLANs.\r\nNous avons structuré notre mémoire en trois (03) chapitres :\r\n-\r\nLe premier chapitre intitulé « étude de l’existant » revient sur les fondamentaux sur les\r\nréseaux, présente la structure du réseau de l’entreprise et énonce les problèmes\r\nidentifiés ;\r\n-\r\nLe deuxième chapitre intitulé « méthodes de segmentation du réseau » concerne l’état\r\nde l’art des techniques existantes et la présentation de la solution choisie.\r\n-\r\nLe troisième et dernier chapitre intitulé « implémentation et tests » est consacré à la\r\nprésentation de l’ensemble des configurations faites à travers des captures d’écran.\r\nEnfin nous terminons par une conclusion générale et des perspectives.', 23, '2020-10-12 16:02:18', '2020-10-12 16:02:18', 1, 'Segmentation,réseau,suivi,équipements', 0),
(21, 'L’objectif du service de production dans une structure est de maintenir ou d’accroitre la\r\ncapacité de production pour répondre à la demande de plus en plus croissante sur le marché\r\net d’assurer une meilleure qualité du produit (passant par un strict respect du processus de\r\nproduction). Il serait donc bénéfique pour celle-ci que la qualité de gestion apportée à ses\r\nproduits soit excellente. Pour ce fait, on a envisagé de mettre en place un système\r\ninformatique qui pourra gérer les stocks et la clientèle. Ce travail a deux principaux objectifs\r\ndonc le premier consiste à gérer les flux (entrée et sortie) des produits fabriquer et importer\r\nrespectivement de l‘entreprise. Le deuxième objectif est la gestion des clients ravitaillé par\r\nl’entreprise. Pour atteindre ces objectifs, nous avons étudié le système existant et ces\r\nlimites. Ce qui nous a conduit à proposer un nouveau système facile à utiliser avec pour\r\nthème Gestion Des Stocks et de la Clientèle qui a été réaliser avec les langages de\r\nprogrammation tel que PHP (Hypertext Preprocessor), Java Script (JS), HTML (Hyper Text\r\nMarkup Langage), CSS (Cascading Style Sheets) et en fin avec les technologies tel que\r\nBootstrap et Ajax. Les tests en local dans un ordinateur que cette solution peut être déployée\r\ndans cet environnement pour améliorer leur rendement.', 22, '2020-10-12 16:08:28', '2020-10-12 16:08:28', 1, 'Production,Gestion de stock, Flux d’enté/sortie', 0),
(22, 'La réduction du délai d\'intervention en cas de panne et l\'optimisation de la gestion des\r\npersonnels est une priorité pour toute entreprise sérieuse. Il en est de même pour l’agence\r\nASECNA de GAROUA qui dispose de multiples actions à mener au quotidien. La répartition\r\net la planification de ces tâches sont réalisées dans un tableau EXCEL par chaque service. Cette\r\ngestion des tâches rend difficile la traçabilité des tâches effectuées ainsi le travail de\r\ncoordination du Commandant. Pour améliorer le suivi des actions à mener par les agents\r\nASECNA GAROUA, l’agence nous a proposé de mettre en place un système informatique pour\r\nfaciliter l’organisation et le suivi des différentes actions s’effectuant au sein de sa structure.\r\nL’application devrait assurer la traçabilité, faciliter le traitement des actions et permettre aux\r\ndifférents acteurs de planifier les interventions en fonction de la priorité de celles-ci. Pour\r\nconcevoir cette application, nous avons au préalable effectué une analyse de synthèse afin\r\nd\'identifier les principales actions ainsi que les principaux acteurs du système avenir. Nous\r\navons ensuite effectué l’analyse et la conception du système en utilisant la méthode UML. La\r\nréalisation et l’implémentation ont été faites en utilisant principalement le langage de\r\nprogrammation PHP. Au terme de ce travail, nous avons développé une application permettant\r\nd’assurer le suivi des actions menées à l\'ASECNA GAROUA, de gérer les modules de base tels\r\nque la gestion des tableaux de suivi, la gestion des tâches, la gestion des utilisateurs.', 21, '2020-10-12 16:43:14', '2020-10-12 16:43:14', 1, 'Application Web, planification des tâches, suivi des tâches, ASECNA', 0),
(23, 'L’Institut Universitaire de Technologie (IUT) de Ngaoundéré dans l’optique de faciliter et\r\nd’apporter une fluidité dans ses activités de gestion a sollicité la mise en place d’un système\r\ninformatique de gestion de notes. Il nous a été confié la tâche de développer une application de\r\ngestion de notes qui devra permettre non seulement le traitement des notes, mais aussi de gérer les\r\nétudiants, la production des résultats et des états liés à cette gestion. Pour parvenir aux résultats\r\nescomptés, en utilisant une méthode agile, nous avons tout d’abord étudié la procédure de gestion\r\nde notes, ensuite effectué l’analyse et la conception du système, et enfin réaliser l’implémentation.\r\nAu terme de ce travail, nous avons développé une application permettant la gestion de notes à\r\nl’IUT. Cette application permet de gérer le module de base qui est l’importation des étudiants dans\r\nla base de données, en les attribuant si nécessaire des matricules. Ceci est indispensable dans la\r\ngestion de notes et permet d’obtenir les résultats et les différents états sur la gestion des notes des\r\nétudiants (les listes des étudiants, les différents procès-verbaux des notes, les profils académiques,\r\nrelevé de note, attestation de réussite, historique d’un étudiant ...). Il est à noter que l’application\r\nest en cours de validation.', 36, '2020-10-12 16:49:47', '2020-10-12 16:49:47', 1, 'Developpement,application,gestion,Scolarité,l\'IUT,Ngaoundéré', 0),
(24, 'Wallamre qui veut dire aide moi à cultiver est une application visant à aider toute\r\npersonne désirant à s’investir dans les activités agricoles. Cette application permettra à tous\r\nles utilisateurs d’entrer les informations concernant le type de culture que l’on voudrait semer\r\npour avoir un bon rendement. C’est dans cette vision que Multisoft Académy a mis sur pied\r\nune application baptisée Wallamre visant à apporter une solution à ce problème. Mais cette\r\ndernière semble ambiguë aux utilisateurs voulant mener certaines recherches sur cette\r\nplateforme. C’était dans cette optique qu’il nous a été confié la tâche d’améliorer l’interface\r\nWallamre afin que les utilisateurs novices en informatique ne puissent pas s’égarer. En effet,\r\nce système permettra au Multisoft Académy de connaitre le nombre d’utilisateurs de ce\r\nsystème et permettra aux utilisateurs d’effectuer une activité agricole bien définie pour avoir\r\nun rendement satisfaisant. Pour arriver à la solution finale, il a été question pour nous de faire\r\nune étude approfondie sur l’interface existante afin de mettre en exergue certains défauts pour\r\nprochaine correction ainsi qu’une analyse saine de l’interface par la méthode de conception de\r\nl’interface Wallamre. Il ressort de cette étude que l’interface existante manque d’indication,\r\nd’informations et de sécurisation sur l’interface. Au terme de ce travail, il a été conçu les\r\nmodules suivants : le module de la Refonte de l’interface de sélection des cultures. Ce module\r\nainsi développé, testé et validé par le Représentant de Multisoft Académy pour un nouveau\r\ndéploiement.', 46, '2020-10-12 16:56:27', '2020-10-12 16:56:27', 1, 'interface,refonte,culture,plateforme', 0),
(25, 'Depuis plus de trois décennies, la vente de produits est l’une des préoccupations majeures au sein\r\nde l’entreprise TPM S.A son service commercial chargé de vente de différents types de produits\r\nse fait manuellement. Cependant, cette méthode s’avère être trop pénible et même trop compliqué\r\npour les responsables lors des besoins de vente. C’est ainsi que nous avons décidé de mettre sur\r\npied un système qui va permettre de gérer les relations avec les clients de faciliter les ventes les\r\npromotions et la mise à jours sur de différents produits, se système viendra pallier au diffèrent\r\nproblème, le résultat de notre travail permettra à un client de facilement consulter un produit en\r\nligne et de l’acheter. Ce système doit permettre aux clients de consulter les produits, de se\r\nconnecter et de passer une commande. Nous avons commencé par l’étude de l’existant dans le\r\nbut de récolter les informations nécessaires par la suite nous sommes passés à la phase d’analyse\r\nen ressortant les différents acteurs et leurs rôles, puis nous avons effectué la modélisation en\r\nutilisant le langage UML. Nous avons utilisé langage PHP, JavaScript, HTML et CSS pour\r\nl’implémentation.', 44, '2020-10-12 17:30:51', '2020-10-12 17:30:51', 1, 'Conception,réalisation,d’une plate-forme, e-commerce,Tamsa', 0),
(26, 'Dans le cadre de notre formation au sein de l’Institut Universitaire de Technologie de\r\nNgaoundéré, réaliser un stage de fin d’études s’avère d’une grande utilité afin de mettre en\r\npratique les connaissances théoriques acquises à l’école. Ainsi, nous avons la possibilité de\r\npasser le stage au sein de la Direction Générale de la SODECOTON de GAROUA ; Concernant\r\nnotre projet, notre travail consiste en l’étude, la conception et la réalisation d’une application de\r\ngestion du planning de missions à la Direction de l’Informatique de la SODECOTON, ceci permet\r\nl’amélioration de la gestion de suivi des missions effectuées par un agent . Les objectifs majeurs\r\nde cette application sont la gestion, le suivi et la plannification des missions des agents. Pour\r\natteindre ces objectifs, nous avons eu recours tout d’abord une plateforme web basée sur une\r\narchitecture 3 tiers dont MySQL comme système de gestion de bases de données, ensuite le\r\nlangage de modélisation Unified Modeling Language basé sur la méthode Unified Process pour la\r\nrealisation de nos différents diagrammes, d’un éditeur de texte sublime Texte pour le codage de\r\nnotre application. Enfin, notre application sera exploitée principalement par les personnels de la\r\nDirection Informatique car c’est dans cette direction que les missions seront créées et celle de la\r\nDirection des Affaires Générales qui fait intervenir le Directeur des Affaires Générales pour\r\nl’établissement des ordres de missions. Le présent mémoire décrit les différentes étapes de\r\nréalisation de ce projet.', 25, '2020-10-12 17:41:32', '2020-10-12 17:41:32', 1, 'plannification, missions, ordre de mission', 0),
(27, 'Dans le but d’avoir une technologie similaire au réseau Internet applicable à l’échelle local\r\n(intranet) d’une entreprise, le service informatique de la Délégation Régionale des Travaux\r\nPublics de l’EST à Bertoua (DRTP-EST) nous a confié la tâche de la mise en place d’un intranet\r\nà la DRTP-EST en vue du déploiement des services. Pour parvenir aux résultats escomptés,\r\nnous avons tout d’abord fait l’inventaire des différentes ressources informatique, logiciels et\r\néquipements d’interconnexion de la DRTP-EST et ensuite, proposé un architecture réseau pour\r\nle câblage des équipements de ladite structure. Il a été également réalisé une évaluation\r\nfinancière de la solution proposée. Les tests de validation du plan de câblage ont été effectué\r\npar simulation sur « Cisco Packet Tracer ».', 20, '2020-10-13 11:45:53', '2020-10-13 11:45:53', 1, 'Intranet,services,déploiement', 0),
(28, 'L’Hôpital Jamot de Yaoundé comme toute organisation sérieuse travaillant dans le domaine de\r\nla santé, souhaite mettre en place un portail web pour la diffusion de ses informations au monde\r\nextérieur. En effet, malgré la démocratisation de l’Internet, l’usager, pour avoir accès aux ac-\r\ntualités et services offertes par l’Hôpital Jamot de Yaoundé, était obligé de se rendre sur le site\r\nphysique de l’hôpital se trouvant à Mballa 2 à cause de la non existence d’un site Internet de ce\r\ndernier. Il est sans dire que cette pratique n’améliorait ni l’image de l’hôpital ni sa visibilité au\r\nmonde extérieur. Notre travail consiste à mettre en place un site web pour cet hôpital. Pour y\r\narriver, nous avons utilisé les langages PHP, JavaScript, Html et CSS pour le développement et\r\nUML pour la modélisation. Le nouveau site développé offre un espace permettant à l’hôpital de\r\ndiffuser ses informations et à un usager de les consulter à travers Internet.', 19, '2020-10-13 11:54:44', '2020-10-13 11:54:44', 1, ' site web,l’hôpital,Jamot', 0),
(29, 'Un des soucis majeurs pour l’administration des systèmes d’information des\r\nentreprises est la planification des interventions sur les équipements de l’infrastructure\r\ninformatique. Au CENADI, cette tâche s’effectuait suite à une détection d’une panne par un\r\nemployé de la structure. Il était difficile pour un administrateur réseau de réaliser un plan\r\nd’intervention à partir des états des machines. Le CENADI se propose donc de mettre en\r\nplace une plateforme de planification des interventions à travers GLPI et FusionInventory. Ce\r\nsystème offre à l’administrateur du système un cadre permettant d’inventorier et de planifier\r\nles interventions au travers des tickets.', 18, '2020-10-13 12:00:28', '2020-10-13 12:00:28', 1, 'Plateforme,d’intervention,infrastructures,CENADI,réseau ', 0),
(30, 'De nos jours, la plupart des entreprises font recours aux applications informatiques pour\r\noptimiser leur fonctionnement. Le CENADI n\'est pas resté en marge des opportunités qu\'offrent les\r\nnouvelles technologies pour améliorer la gestion de sa comptabilité-matière. A notre arrivée au\r\nCENADI, certaines tâches telles que l\'enregistrement et la recherche des informations étaient\r\neffectuées manuellement. Dans l’optique d’automatiser les opérations effectuées par le comptable-\r\nmatière, le CENADI a envisagé de mettre sur pied un système informatique. C’est dans ce contexte\r\nque le projet intitulé ‘‘L’AUTOMATISATION DE LA GESTION DE LA COMPTABILITE-\r\nMATIERE AU CENADI’’ nous a été confié durant notre période de stage. Pour concevoir cette\r\napplication, nous avons modélisé le problème en utilisant le langage UML. Le développement de\r\nl’application web a été effectué par le langage de programmation PHP et JavaScript. L’application que\r\nnous avons développée permet d’ajouter un matériel en stock, d’effectuer la sortie d\'un matériel en\r\nstock, d’enregistrer un bon de sortie provisoire, d’imprimer un bon de commande d\'assurer l\'archivage\r\net la traçabilité des opérations effectuées à la comptabilité-matière du CENADI.', 17, '2020-10-13 12:05:48', '2020-10-13 12:05:48', 1, 'automatisation, gestion de stock, comptabilité-matière', 0),
(31, 'L’ASECNA (Agence pour la Sécurité de la navigation Aérienne en Afrique et à\r\nMadagascar) dans le cadre de faciliter le travail et de permettre de gagner en temps aux agents de\r\nsécurité de son bloc technique a décidé d’informatiser l’enregistrement des personnes extérieurs\r\n(visiteurs, stagiaire...) à cette agence et le stationnement de ses véhicules de services dans le\r\nparking. Il s’agit d’un logiciel de contrôle d’accès personnes et véhicules de services. UML a été\r\nutilisé pour l’analyse et la conception du système. Le développement a été réalisé en PHP ; HTML,\r\nCSS sur le Framework CodeIgniter. Apache et MySQL ont été utilisé comme serveur web et\r\nsystème de gestion de base de données respectivement. L’application mis sur pied, permet aux\r\nagents de sécurité du bloc technique de l’ASECNA d’enregistrer automatiquement et en toute\r\nsécurité les accès des personnes et le déplacement des véhicules de service.', 40, '2020-10-13 13:23:50', '2020-10-13 13:23:50', 1, 'Automatisation,contrôle d’accès,technique, l’ASECNA/SIMALEN', 0),
(32, 'Parvenu au termes de notre formation à l’Institut Universitaire de Technologie (IUT)\r\nde Ngaoundéré et en vue de l’obtention du Diplôme Universitaire de Technologie, nous\r\navons effectué un stage du 03 juin au 30 août 2019 à la direction de la SODECOTON de\r\nGaroua. La SODECOTON utilise des supports en papier pour gérer les consommables du\r\nmagasin de la DAG. Ceci entraine beaucoup de problème tel que la perte des informations,\r\nles erreurs de calcul, et rendant difficile la traçabilité des informations. Pour améliorer la\r\ngestion du stock on nous a confié le projet intitulé « Gestion des consommables du magasin\r\nde la DAG ». Il est question pour nous de concevoir une application web pour gérer les\r\nentrées et les sorties de stocks du magasin. Pour mener à bien ce travail nous avons utilisé les\r\nlangages de programmation tels que PHP, HTML, CSS et le JAVASCRIPT. Nous avons\r\naussi utilisé le processus de développement UP, qui nous a permis d’établir un planning de\r\nprojet associé à UML, qui est un langage de modélisation. Ainsi, au terme de ce projet, et\r\ngrâce à l’application que nous avons mise sur pied :\r\n?\r\nLe magasinier pourra enregistrer plus facilement les produits dans le magasin de la\r\nDAG ;\r\n? Le gestionnaire pourra suivre toutes les opérations effectuées par le magasinier ;\r\n? Le magasinier et le gestionnaire pourront suivre au mieux l’état de stock du magasin ;\r\n? L’administrateur pourra suivre toutes les opérations effectuées dans l’application ;', 2, '2020-10-17 11:02:43', '2020-10-17 11:02:43', 1, 'application,consommables,magasin,DAG,gestion', 0),
(33, 'L\'optimisation de la gestion des ressources humaines et la qualité des services rendus est\r\nune priorité pour toute entreprise sérieuse. Pour le cas particulier de l\'agence ASECNA\r\nGaroua, la planification et l\'organisation des tâches est une nécessité car des multiples\r\ninterventions sont réalisées tous les jours. Cependant, les données relatives à la répartition et\r\nl\'organisation des tâches sont enregistrées dans un tableau EXCEL par chaque service. Cette\r\nmanière de gestion rend complexe la coordination des tâches. Dans le but de faciliter et\r\nd’améliorer le suivi des actions, l’ASECNA de Garoua envisage de mettre en place une\r\napplication de suivi des actions dont l’objectif est d’informatiser et de gérer les tâches\r\nessentielles de ce dernier. Notre travail consiste à mettre en place un système informatique de\r\nsuivi des actions de l’ASECNA de Garoua. Pour parvenir à ces objectifs nous avons utilisé la\r\ndémarche UP7, UML comme langage de modélisation et le langage de programmation PHP\r\npour la réalisation de l’implémentation. Il a été mis sur pied une solution informatique\r\nSUIVIA pour le suivi des actions dont les fonctionnalités sont : l’importation, l’exportation,\r\nl’inscription des agents, la traçabilité des tableaux de suivi, la traçabilité des tâches, la\r\nrecherche des actions, la liste des actions et en fin celle des agents.', 1, '2020-10-17 11:14:38', '2020-10-17 11:14:38', 1, 'place,application,suivi,actions,l\'ASECNA', 0),
(34, 'Dans l’optique de faciliter la prise de rendez-vous des patients avec les médecins,\r\nl’hôpital protestant de Ngaoundéré envisage de mettre en place un système informatique de\r\nréservation de rendez-vous en ligne dont l’objectif est d’automatiser et de réduire les charges\r\nquotidiennes des patients dans le processus de prise de rendez-vous. Dans notre travail nous\r\navons mis sur pied une application permettant à un patient d’effectuer une réservation de rendez-\r\nvous en ligne .pour y parvenir nous avons fait une analyse et une conception du système suivant\r\nla méthode UML(Unified Modelling Langage i.e. le langage de modélisation unifié), nous\r\navons utilisé entre autre l’outil de conception tel que StarUml, les outils logiciel tel que sublime\r\ntext et pour l’implémentation nous avons opte pour les langages de programmation tels que PHP,\r\nle JavaScript, HTML ( HyperText Markup langage),et comme server web, HTML ( HyperText\r\nMarkup langage).', 6, '2020-10-17 11:35:03', '2020-10-17 11:35:03', 1, 'Gestion,Rendez-vous', 0),
(35, 'Pour ce faire, notre thème sera de développer en deux grandes parties. La première partie\r\ns’intéressera à la présentation et aux missions de la First Bank. Ainsi, nous présenterons le\r\nsynopsis sur la First Bank en un premier temps et en second temps nous décrirons la méthode\r\nde collecte d’informations pour l’inscription aux différents produits de la First Bank. Dans la\r\ndeuxième partie, nous identifierons les anomalies dans cette méthode de collecte\r\nd’informations et les perspectives d’amélioration. Ainsi, il nous sera question premièrement\r\nde ressortir l’insuffisance dans le processus d’inscription aux produits et dans un second\r\ntemps de proposer des perspectives d’amélioration du système.', 11, '2020-10-17 11:43:57', '2020-10-17 11:43:57', 1, 'gestion,formulaires,d\'abonnement,produit,bancaire,Afriland First Bank', 0),
(36, 'Le réseaux informatique est devenu, depuis une dizaine d’années, un élément très important dans\r\ntoute institution : commerciale, industrielle, gouvernementale, éducative, etc. Ceci est dû\r\nnotamment à la vulgarisation de l’outil informatique et l’apport extraordinaire qu’apportent les\r\nréseaux informatiques dans la circulation rapide de l’information.\r\nPour répondre au besoin de l’entreprise, le réseau informatique ne cesse d’évoluer pour chercher\r\ndes outils d’échanges des données et de partage des informations en temps réel, en tenant compte\r\ndes mesures de sécurité et de confidentialité.\r\nCette technique est mise en place pour la résolution des problèmes d’anarchisme (Adressage\r\ndynamique sans demande d’authentification au niveau du réseau câblé, l’absence d’une\r\nsegmentation du réseau en vlan, l’absence d’un serveur pour héberger les logiciels et applications\r\npartagés sur le réseau) et la difficulté de sécuriser les communications sans fil de l’ancien réseau\r\nde la SDREU.\r\nC’est dans ce contexte que se situe notre projet intitulé « Étude et mise en place d’un réseau\r\ninformatique sécurisé à la sous-direction régionale de l’express union de l’Adamaoua ».\r\nL’idée de ce projet consiste à organiser le réseau informatique de l’établissement, à la mise en place\r\nd’un contrôleur de domaine et à sécuriser la connexion Internet contre les pirates et les attaques.', 48, '2020-10-17 12:04:12', '2020-10-17 12:04:12', 1, 'Mise en place,réseau,informatique', 0),
(37, 'Dans l’optique de rechercher de nouveaux talents et de nouvelles expertises, l’entreprise\r\nDJABBAMA Dounia S.A.R.L de Ngaoundére envisage de mettre en place une application de\r\ngestion des stages en ligne dont l’objectif est de permettre aux étudiants de postuler pour un stage\r\nen ligne. La plateforme développée offre aux utilisateurs la possibilité de postuler pour un stage\r\nchoisir et de soumettre un témoignage suite au stage effectue dans l’entreprise. Notre travail\r\nconsiste donc à mettre sur pieds les modules de gestion des utilisateurs, des stages, des demandes\r\net des témoignages. Pour atteindre les objectifs escomptés précédemment, nous avons utilisé\r\nUML comme langage de modélisation et l’implémentation a été réalisée par le langage de\r\nprogrammation PHP. A travers la plateforme S-INTERNSHIP, il a donc été mis sur pieds les\r\nmodules de gestion des utilisateurs, des demandes de stage, des stages et des témoignages donc\r\nles fonctionnalités sont : l’attribution des droits, l’envoi d’une demande de stage, la publication\r\nd’un stage, la recherche d’un stage et soumission d’un témoignage', 9, '2020-10-17 12:18:09', '2020-10-17 12:18:09', 1, 'developpement,plateforme,controle,Management,SYGALIN', 0),
(38, 'La GENERALITE INFORMATIQUE est une entreprise qui exerce dans le domaine\r\nInformatique et dont l’activité principale est l’installation et mise à niveau de la\r\nvidéosurveillance Dans le but d’améliorer leur notoriété, d’occuper un espace non exploité\r\npar leurs concurrents, valoriser leurs produits et avoir plus de visibilités à travers le monde.\r\nLa GENERALITE INFORMATIQUE a donc décidé de mettre en place une plateforme\r\nregorgeant les atouts cités précédemment, d’où le choix de notre thème de stage\r\n« Conception du site web de la GENERALITE INFORMATIQUE ». Il est donc question\r\npour nous de concevoir un site web avec gestion des utilisateurs, permissions et la mise à\r\njour des informations. Pour parvenir aux résultats escomptés, il a été question de faire une\r\nanalyse du système existant ainsi qu’une analyse de la solution à élaborer. Nous avons\r\nutilisé l’architecture MVC, le langage UML pour la modélisation et la conception du\r\nprojet, Phpmyadmin du package Xampp pour la gestion des bases de données, MYSQL\r\npour gérer les requêtes SQL. L’environnement de développement ATOM a été utilisé pour\r\nl’implémentation, nous avons eu recourt aux langages de programmations suivants : PHP,\r\nCSS, HTML, JAVASCRIPT. L’application mise sur pied permet à l’entreprise d’étendre\r\nson périmètre de visibilité sans toutefois se déplacer, d’attirer des potentiels fournisseurs,\r\nde servir de vitrine aux différents produits et services et surtout de permettre une\r\naccessibilité et une communication plus simple avec le public tout en offrant un espace de\r\ncommande de ses produits.', 8, '2020-10-17 12:26:13', '2020-10-17 12:26:13', 1, 'GENERALITE INFORMATIQUE, SITE WEB,Tracking,bétail', 0),
(39, 'L’HRN dans son souci permanent de fournir des soins de qualité à ses potentiels patients, a\r\npris l’initiative de mettre sur pied une application web afin d’apporter des solutions aux\r\nproblèmes auxquels il fait face. Condition sine qua none de son bon fonctionnement et par\r\nconséquence de son développement. Cette application permettra de contrôler un certain nombre\r\nd’éléments dont nous ne saurons garder de mentionner. Parmi ces derniers l’on a entre autre la\r\nprise en charge du dossier de patient, le contrôle des personnels administratifs, et enfin la\r\nsécurité des documents confidentiels. L’application offre à cet effet une possibilité de suivis\r\nnumérisés des personnels de L’ HRN ainsi que des patients ayants séjournés dans cet hôpital.\r\nElle permet aux personnels médicaux-sanitaires de créer facilement des dossiers dédiés à\r\nchaque nouveau patient, elle assure également l’ajout, la modification et la suppression des\r\nexamens et des consultations. Bien plus, l’application assurera la gestion du nombre des\r\nchambres et des lits occupés et non occupés.', 7, '2020-10-17 12:36:11', '2020-10-17 12:36:11', 1, 'Conception,dossier Medical,Electronique,l\'Hopital Regional', 0),
(40, 'Le Centre de développement de technologie de l’information et de communication (CDTIC) de\r\nl’université de Ngaoundéré est considère comme source de distribution du réseau local au sein\r\nde l’université. A cet effet, il dispose divers matériels informatiques réparties dans diverses\r\nstructures. Durant notre séjour au CDTIC, il était question pour nous de réaliser une application\r\nde gestion des matériels informatiques du CDTIC. Ce dernier permet l’enregistrement et la\r\nlecture de toutes les informations concernant les matériels informatiques du CDTIC et assure\r\nla traçabilité de ces informations. Par ailleurs, elle offre une vision globale de l’état, du suivi et\r\ndes localités des différents matériels utilisés dans l’entreprise. Pour mettre en place l’application\r\nde gestion des matériels informatiques du CDTIC, nous avons commencé par inventorier les\r\néquipements que comportent ce centre et leurs répartitions dans différentes structures de\r\nl’université de Ngaoundéré dans le but de récolter les informations nécessaires. Par la suite,\r\nnous sommes passés à la phase d’analyse en ressortant les différents acteurs et leurs rôles, puis\r\nnous avons effectué la modélisation en utilisant le langage UML. Nous avons utilisé les\r\nlangages PHP, JavaScript, HTML et CSS pour l’implémentation.', 12, '2020-10-17 12:52:18', '2020-10-17 12:52:18', 1, 'Developpement,application,gestion,materiel,CDTIC', 0),
(41, 'Le développement et l\'exploitation des Technologies de l\'Information et de la\r\nCommunication (TIC) en vue de moderniser le service public est la priorité du Gouvernement\r\nCamerounais. La Délégation Régionale des Postes et Télécommunications (DEREPOSTEL) du\r\nNord est l\'une des principales structures concernés. Cependant, les TIC ne sont pas mis à profit\r\npour assurer la gestion des tâches dans cette structure. A notre arrivée à l’entreprise l\'essentiel\r\ndes tâches étaient effectuées manuellement. Dans l\'optique d’optimiser le fonctionnement et la\r\ngestion des ressources de la Délégation, il nous a été demandé de développer une application\r\npermettant de gérer les ressources humaines et matériels. Pour parvenir aux résultats attendus,\r\nnous avons fait une analyse du système existant afin d\'identifier les exigences de la\r\nDEREPOSTEL. Pour cela, nous avons utilisé le langage UML pour la modélisation et la\r\nconception du projet, MYSQL pour la gestion des bases de données. L’environnement de\r\ndéveloppement Sublime Text et les langages de programmations PHP, CSS, Html ont été\r\nutilisés pour l’implémentation. L\'application que nous avons développée permet d\'assurer une\r\nmeilleure gestion du personnel et des bons de commandes des matériels de la DEREPOSTEL.', 13, '2020-10-17 12:58:15', '2020-10-17 12:58:15', 1, 'Application informatique, Gestion du personnel, Bon de commande,DEREPOSTEL', 0),
(42, 'L\'objectif ici est de faciliter le déplacement des personnes qui utilisent le transport en commun et\r\nde les économiser à temps grâce à une application Web et mobile. En effet, la ville de Ngaoundéré\r\ndispose de plusieurs moyens de transport tels que les motos, les taxis proprement dit mais aussi les bus.\r\nCependant, nous remarquons que ceux qui ont besoin de ce transport perdent beaucoup de temps à\r\nattendre le bus ou le taxi, temps qu’ils pourraient consacrer à des choses plus utiles. Pour résoudre ce\r\nproblème, nous proposons ici une application Web et mobile qui permet tout d\'abord de connaître les\r\ndifférents points d\'arrêt du bus et des stations de taxi, puis de voir en temps réel la position du bus et de\r\nconnaître les points d\'arrêt ou il y a au moins un bus; et enfin, pouvoir appeler un taxi et attendre que son\r\nchauffeur vienne le chercher. Pour analyser et concevoir notre solution, nous avons utilisé UML en tant\r\nque langage de modélisation (uniquement le cas d\'utilisation) et Conception de schéma en tant que\r\nméthode de modélisation et de conception de la base de données NoSql (NoSQL désigne une famille de\r\nsystèmes de gestion de base de données (SGBD) qui s\'écarte du paradigme classique des bases\r\nrelationnelles.[1] ). Et pour le développement de cette application Web et mobile, nous avons utilisé\r\nAndroid Studio et plusieurs API pour le développement mobile et le framework Bootstrap\r\net la\r\nbibliothèque javascript jQuery pour la partie Web. Et Firebase pour sa sécurité, sa flexibilité et son\r\névolutivité.', 14, '2020-10-17 13:05:50', '2020-10-17 13:05:50', 1, 'Developpement,application,gestion,transport,urbain,Ngaoundere', 0);
INSERT INTO `memoire` (`id_memoire`, `resumer`, `stage`, `datepost`, `date_updated`, `status_memoire`, `mots_cles`, `nb_telechargement`) VALUES
(43, 'Un rendez-vous est une rencontre prévue entre deux ou plusieurs personnes à une même période\r\net dans un même lieu. Mais, compte tenu des différentes occupations des uns et des autres, nous\r\nassistons à une difficulté au niveau des fixations de la période de rencontre convenable à toutes les\r\ndeux personnes concernées dans le rendez-vous. C’est le cas des rencontres entre les médecins et\r\nles patients à l’hôpital protestant de Ngaoundéré. Suite à cela, la conception d’une application de\r\ngestion de prise de rendez-vous permettra d’avoir un outil de gestion sur l’organisation des\r\nplannings de travail des médecins d’une part, et de réduire les charges quotidiennes des patients\r\nintervenant dans le processus de prise de rendez-vous afin de faciliter les rencontres entres les\r\npatients et les médecins d’autre part. En effet l’hôpita l disposait déjà d’un logiciel de gestion des\r\npatients et des médecins. Mais, ce dernier ne permettait pas de gérer les rencontres entre ceux-ci.\r\nEt c’est dans l’optique d’avoir cette possibilité de les gères que nous avons pensé mettre au point\r\ncette application. Pour y parvenir nous avons utilisé, comme langage de modélisation, L’UML\r\n(Unified Modeling Langage c’est à dire le langage de modélisation unifié), comme serveur,\r\nXAMPP (X Apache MySQL PHP Perl) et comme langage de programmation le PHP et plus\r\nparticulièrement son Framework codeigniter qui utilise le model MVC. Le développement de cette\r\napplication permet donc une bonne gestion des rendez-vous que cela soit du côté du patient que\r\ncelui de l’hôpital car elle permettra un gain en temps et permettra d’éviter des embouteillages dans\r\nl\'emploi du temps des uns et des autres.', 38, '2020-10-17 13:21:05', '2020-10-17 13:21:05', 1, 'Mise en place,intranet,réseaux', 0),
(44, 'Les Appels sur IP sont des solutions de communication interservices qui sont de plus en\r\nplus utilisés dans les entreprises aujourd’hui. Ils consistent à mettre sur pied un serveur de\r\ngestion de transport de la voix à travers les clients qui seront configurés et enregistrés en son\r\nsein. L’Hôpital Protestant de Ngaoundéré dispose d’une Architecture réseau bien élaborée qui\r\nlui permet la gestion des services et des patients qu’il reçoit de façon quotidienne.\r\nAprès une analyse de son système, il ressort que Les différentes opérations de l’Hôpital\r\nProtestant de Ngaoundéré (HPN) sont gérées à travers Care 2X. Ce progiciel qui permet de\r\ngérer les patients est très efficace mais ne prend pas en charge la gestion de la communication\r\nentre les différents services en son sein, par conséquent la structure ne dispose pas de solution\r\ninformatisée à travers de son réseau lui permettant la communication entre ses services. A cet\r\neffet, la problématique est la suivante : l’absence de la solution de communication informatisée\r\naura-t-elle des répercussions sur le rendement et la qualité de service de communication\r\ninstantanée au sein de l’hôpital protestant ? La réponse est Négative. Dans l’optique de pallier\r\ndonc à ce problème, l’HPN décide donc d’implémenter un système de voix sur IP dans son\r\nsystème. Ainsi, notre travail portera sur cette implémentation à partir du système Asterisk.', 47, '2020-10-17 13:29:33', '2020-10-17 13:29:33', 1, 'VOIP, HPN,Care 2X', 0);

-- --------------------------------------------------------

--
-- Table structure for table `mentions`
--

CREATE TABLE `mentions` (
  `id_mention` int(11) NOT NULL,
  `abreviation_mention` varchar(100) NOT NULL,
  `nom_mention` varchar(255) NOT NULL,
  `initial` varchar(12) NOT NULL
) ENGINE=InnoDB DEFAULT CHARSET=utf8;

--
-- Dumping data for table `mentions`
--

INSERT INTO `mentions` (`id_mention`, `abreviation_mention`, `nom_mention`, `initial`) VALUES
(60, 'GIN', 'Genie Informatique', 'I'),
(62, 'GBIO', 'Genie Biologique', 'B'),
(64, 'GIM', 'Genie Industrieelle et Maintenance', 'M'),
(65, 'GCC', 'Genie Civile et Construction Durable', ''),
(66, 'GMP', 'Genie Mecanique et Productique', ''),
(67, 'GEL', 'Genie Electrique', ''),
(68, 'GTh', 'Genie Thermique', ''),
(69, 'EG', 'Economie et Gestion', '');

-- --------------------------------------------------------

--
-- Table structure for table `messages`
--

CREATE TABLE `messages` (
  `id_message` int(11) NOT NULL,
  `service_id` int(11) NOT NULL,
  `contenu` varchar(255) NOT NULL,
  `piece_jointe` int(11) NOT NULL
) ENGINE=InnoDB DEFAULT CHARSET=latin1;

-- --------------------------------------------------------

--
-- Table structure for table `messages_user`
--

CREATE TABLE `messages_user` (
  `id` int(11) NOT NULL,
  `sender` varchar(255) NOT NULL,
  `receiver` varchar(255) NOT NULL,
  `message` text NOT NULL,
  `sujet` text NOT NULL,
  `date` timestamp NOT NULL DEFAULT current_timestamp() ON UPDATE current_timestamp(),
  `statut` int(11) NOT NULL DEFAULT 0,
  `statut_send` int(11) NOT NULL DEFAULT 0,
  `statut_receive` int(11) NOT NULL DEFAULT 0,
  `personnel_id_send` int(11) NOT NULL,
  `personnel_id_recieve` int(11) NOT NULL
) ENGINE=InnoDB DEFAULT CHARSET=utf8;

--
-- Dumping data for table `messages_user`
--

INSERT INTO `messages_user` (`id`, `sender`, `receiver`, `message`, `sujet`, `date`, `statut`, `statut_send`, `statut_receive`, `personnel_id_send`, `personnel_id_recieve`) VALUES
(29, 'scolarite@gmail.com', 'blaiseyenke@gmail.com', 'bonjour', '', '2020-10-13 10:28:31', 1, 0, 0, 6, 0),
(30, 'scolarite@gmail.com', 'blaiseyenke@gmail.com', 'comment vous allez?', '', '2020-10-13 10:28:31', 1, 0, 0, 6, 0),
(31, 'scolarite@gmail.com', 'blaiseyenke@gmail.com', 'salut', '', '2020-10-13 10:28:31', 1, 0, 0, 6, 0),
(32, 'blaiseyenke@gmail.com', 'scolarite@gmail.com', 'salut', '', '2020-10-13 11:03:31', 1, 1, 0, 7, 0),
(34, 'scolarite@gmail.com', 'blaiseyenke@gmail.com', 'salut', '', '2020-10-16 12:48:09', 1, 0, 0, 6, 0),
(35, 'scolarite@gmail.com', 'blaiseyenke@gmail.com', 'bonjour', '', '2020-10-16 12:48:18', 1, 0, 0, 6, 0);

-- --------------------------------------------------------

--
-- Table structure for table `mot_cle`
--

CREATE TABLE `mot_cle` (
  `id` int(11) NOT NULL,
  `contenu` varchar(255) NOT NULL
) ENGINE=InnoDB DEFAULT CHARSET=latin1;

-- --------------------------------------------------------

--
-- Table structure for table `niveaux`
--

CREATE TABLE `niveaux` (
  `id_niveau` int(11) NOT NULL,
  `niveau` varchar(11) NOT NULL,
  `cycle_id` int(11) NOT NULL
) ENGINE=InnoDB DEFAULT CHARSET=utf8;

--
-- Dumping data for table `niveaux`
--

INSERT INTO `niveaux` (`id_niveau`, `niveau`, `cycle_id`) VALUES
(1, 'DUT-1', 1),
(2, 'DUT-2', 1),
(3, 'LITECH', 2),
(4, 'BTS-1', 3),
(5, 'BTS-2', 3);

-- --------------------------------------------------------

--
-- Table structure for table `niv_par`
--

CREATE TABLE `niv_par` (
  `id_niv_par` int(11) NOT NULL,
  `rendu` varchar(25) NOT NULL,
  `niveau_id` int(11) NOT NULL,
  `parcour_id` int(11) NOT NULL
) ENGINE=InnoDB DEFAULT CHARSET=utf8;

--
-- Dumping data for table `niv_par`
--

INSERT INTO `niv_par` (`id_niv_par`, `rendu`, `niveau_id`, `parcour_id`) VALUES
(1, 'GIN1', 1, 5),
(2, 'GIN2', 2, 5),
(3, 'GIM1', 1, 4),
(4, 'GBIO1', 1, 14),
(5, 'ABB2', 2, 1),
(6, 'GEN2', 2, 2),
(7, 'IAB2', 2, 3),
(11, 'GEL2', 2, 11),
(12, 'GME2', 2, 10),
(13, 'GTE2', 2, 12),
(14, 'MIP2', 2, 13),
(19, 'GLO3', 3, 15),
(20, 'RIN3', 3, 16),
(21, 'ABB3', 3, 1),
(22, 'IAB3', 3, 3),
(23, 'GEN3', 3, 2),
(24, 'GEL3', 3, 11),
(25, 'GME3', 3, 10),
(26, 'GTE3', 3, 12),
(27, 'MIP3', 3, 13),
(28, 'MECA1', 4, 17),
(29, 'MECA2', 5, 17),
(30, 'MSE1', 4, 18),
(31, 'MSE2', 5, 18),
(32, 'ELEC1', 4, 19),
(33, 'ELEC2', 5, 19),
(34, 'FC1', 4, 20),
(35, 'FC2', 5, 20),
(36, 'ABB1', 4, 21),
(37, 'ABB2*', 5, 21),
(38, 'GLO1', 4, 15),
(39, 'GLO2', 5, 15),
(40, 'Telecom1', 4, 23),
(41, 'Telecom2', 5, 23),
(42, 'CGE1', 4, 24),
(43, 'CGE2', 5, 24),
(44, 'MCV1', 4, 25),
(45, 'MCV2', 5, 25);

-- --------------------------------------------------------

--
-- Table structure for table `notes`
--

CREATE TABLE `notes` (
  `id_note` int(11) NOT NULL,
  `valeur` float DEFAULT NULL,
  `anonymat` varchar(50) DEFAULT NULL,
  `examen_id` int(11) NOT NULL,
  `dossier_id` int(11) NOT NULL,
  `code_anonymat` varchar(10) DEFAULT NULL
) ENGINE=InnoDB DEFAULT CHARSET=utf8;

--
-- Dumping data for table `notes`
--

INSERT INTO `notes` (`id_note`, `valeur`, `anonymat`, `examen_id`, `dossier_id`, `code_anonymat`) VALUES
(1, 8.2, NULL, 54, 69, NULL),
(2, 8.2, NULL, 54, 69, NULL),
(3, 12, NULL, 54, 70, NULL),
(4, 10, NULL, 54, 71, NULL),
(5, 10, NULL, 54, 72, NULL),
(6, 14, NULL, 54, 73, NULL),
(7, 10, NULL, 54, 74, NULL),
(8, 9, NULL, 54, 75, NULL),
(9, 9, NULL, 54, 76, NULL),
(10, 7, NULL, 54, 77, NULL),
(11, 9, NULL, 54, 78, NULL),
(12, 8.4, NULL, 54, 79, NULL),
(13, 9, NULL, 54, 80, NULL),
(14, 8, NULL, 54, 81, NULL),
(15, 6, NULL, 54, 82, NULL),
(16, 12.5, NULL, 54, 83, NULL),
(17, 10, NULL, 54, 84, NULL),
(18, 10, NULL, 54, 86, NULL),
(19, 3.5, NULL, 54, 87, NULL),
(20, 13, NULL, 54, 88, NULL),
(21, 10, NULL, 54, 89, NULL),
(22, 6, NULL, 54, 90, NULL),
(23, 8.1, NULL, 54, 91, NULL),
(24, 14, NULL, 54, 92, NULL),
(25, 9, NULL, 54, 94, NULL),
(26, 7, NULL, 54, 95, NULL),
(27, 15, NULL, 54, 96, NULL),
(28, 11, NULL, 54, 97, NULL),
(29, 9, NULL, 54, 98, NULL),
(30, 9, NULL, 54, 99, NULL),
(31, 9, NULL, 54, 100, NULL),
(32, 12, NULL, 54, 101, NULL),
(33, 7, NULL, 54, 102, NULL),
(34, 7.75, NULL, 54, 103, NULL),
(35, 16, NULL, 54, 104, NULL),
(36, 11.3, NULL, 54, 105, NULL),
(37, 14, NULL, 54, 106, NULL),
(38, 9, NULL, 54, 109, NULL),
(39, 14, NULL, 54, 112, NULL),
(40, 9.9, NULL, 54, 113, NULL),
(41, 7.75, NULL, 54, 114, NULL),
(42, 6, NULL, 54, 115, NULL),
(43, 8, NULL, 54, 118, NULL),
(44, 11, NULL, 54, 119, NULL),
(45, 8.4, NULL, 54, 120, NULL),
(46, 10, NULL, 54, 121, NULL),
(47, 10, NULL, 54, 122, NULL),
(48, 11, NULL, 54, 123, NULL),
(49, 8, NULL, 54, 125, NULL),
(50, 8, NULL, 54, 126, NULL),
(51, 18, NULL, 54, 127, NULL),
(52, 7, NULL, 54, 128, NULL),
(53, 10, NULL, 54, 129, NULL),
(54, 9, NULL, 54, 130, NULL),
(55, 17, NULL, 54, 131, NULL);

-- --------------------------------------------------------

--
-- Table structure for table `notes_generale`
--

CREATE TABLE `notes_generale` (
  `id_note_generale` int(11) NOT NULL,
  `tpe` int(11) DEFAULT NULL,
  `cc` int(11) NOT NULL,
  `tp` int(11) NOT NULL,
  `Synthese` int(11) NOT NULL,
  `note_generale` int(11) NOT NULL,
  `pourcentages` int(11) NOT NULL,
  `etudiant_id` int(11) NOT NULL,
  `ec_id` int(11) NOT NULL,
  `annee_id` int(11) NOT NULL
) ENGINE=InnoDB DEFAULT CHARSET=utf8;

-- --------------------------------------------------------

--
-- Table structure for table `options`
--

CREATE TABLE `options` (
  `nomAplli` varchar(255) NOT NULL,
  `nomEtab` varchar(255) NOT NULL,
  `description` text NOT NULL,
  `favicon` varchar(255) NOT NULL,
  `logo` varchar(255) NOT NULL,
  `footer` text NOT NULL,
  `admin_email` varchar(255) NOT NULL,
  `copyright` varchar(255) NOT NULL,
  `id` int(11) NOT NULL
) ENGINE=InnoDB DEFAULT CHARSET=latin1;

-- --------------------------------------------------------

--
-- Table structure for table `parametres`
--

CREATE TABLE `parametres` (
  `id_parametre` int(11) NOT NULL,
  `nom_parametre` varchar(50) NOT NULL,
  `abreviation_parametre` varchar(25) NOT NULL,
  `logo_parametre` varchar(255) NOT NULL
) ENGINE=InnoDB DEFAULT CHARSET=utf8;

--
-- Dumping data for table `parametres`
--

INSERT INTO `parametres` (`id_parametre`, `nom_parametre`, `abreviation_parametre`, `logo_parametre`) VALUES
(1, 'Institut Universitaire des Technologies', 'IUT', 'logo');

-- --------------------------------------------------------

--
-- Table structure for table `parcours`
--

CREATE TABLE `parcours` (
  `id_parcour` int(11) NOT NULL,
  `abreviation_parcour` varchar(50) NOT NULL,
  `nom_parcour` varchar(255) NOT NULL,
  `mention_id` int(11) NOT NULL,
  `departement_id` int(11) NOT NULL
) ENGINE=InnoDB DEFAULT CHARSET=utf8;

--
-- Dumping data for table `parcours`
--

INSERT INTO `parcours` (`id_parcour`, `abreviation_parcour`, `nom_parcour`, `mention_id`, `departement_id`) VALUES
(1, 'ABB', 'Analyses Biologiques et Biochimiques', 62, 8),
(2, 'GEN', 'Génie de l’Environnement', 62, 8),
(3, 'IAB', 'Industries Alimentaires et Biotechnologiques', 62, 8),
(4, 'GIM', 'Génie Industriel et Maintenance', 64, 9),
(5, 'GIN', 'Génie Informatique', 60, 7),
(10, 'GME', 'Génie Mécanique', 64, 9),
(11, 'GEL', 'Génie Electrique', 64, 9),
(12, 'GTE', 'Génie Thermique et Energétique', 64, 9),
(13, 'MIP', 'Maintenance Industrielle et Productique', 64, 9),
(14, 'GBIO', 'Génie Biologie', 62, 8),
(15, 'GLO', 'Génie Logiciel', 60, 7),
(16, 'RIN', 'Réseautique et Internet', 60, 7),
(17, 'MECA', 'Mecatronique', 66, 10),
(18, 'MSE', 'Maintenance de Systeme Electrique', 67, 11),
(19, 'ELEC', 'Electronique', 67, 11),
(20, 'FC', 'Froid et Climatisation', 68, 11),
(21, 'ABB', 'Analyse Biologique et Biochimique', 62, 12),
(22, 'GLO', 'Genie Logiciel', 60, 7),
(23, 'Telecom', 'Telecommunication', 60, 7),
(24, 'CGE', 'Comptabilite et Gestion d\'Entreprise', 69, 16),
(25, 'MCV', 'Marketing Commerce Vente', 69, 16);

-- --------------------------------------------------------

--
-- Table structure for table `pays`
--

CREATE TABLE `pays` (
  `id_pays` int(11) NOT NULL,
  `nom_pays` varchar(255) NOT NULL
) ENGINE=InnoDB DEFAULT CHARSET=latin1;

--
-- Dumping data for table `pays`
--

INSERT INTO `pays` (`id_pays`, `nom_pays`) VALUES
(1, 'CAMEROUN');

-- --------------------------------------------------------

--
-- Table structure for table `personnels`
--

CREATE TABLE `personnels` (
  `id_personnel` int(11) NOT NULL,
  `nom_prenom` varchar(100) NOT NULL,
  `role_id` int(11) DEFAULT NULL,
  `departement_id` int(11) DEFAULT NULL,
  `grade_id` int(11) DEFAULT NULL,
  `email` varchar(255) DEFAULT NULL,
  `picture_url` text NOT NULL,
  `mobile_no` varchar(255) NOT NULL,
  `address` varchar(255) NOT NULL,
  `fonction_id` int(11) NOT NULL
) ENGINE=InnoDB DEFAULT CHARSET=utf8;

--
-- Dumping data for table `personnels`
--

INSERT INTO `personnels` (`id_personnel`, `nom_prenom`, `role_id`, `departement_id`, `grade_id`, `email`, `picture_url`, `mobile_no`, `address`, `fonction_id`) VALUES
(1, 'Mr Mengue constantin', 2, NULL, NULL, 'mengue@gmail.com', '', '', '', 0),
(2, 'Pr Tchiengang', 2, NULL, 4, 'TCHIENGANG@gmail.com', '', '', '', 0),
(3, 'Admin_SIGI', 1, NULL, NULL, 'josephndjoume1999@gmail.com', '', '', '', 0),
(6, 'Mme GRE Marthe', 2, NULL, NULL, 'scolarite@gmail.com', '', '', '', 0),
(7, 'Pr Yenke Blaise Omer', 6, 7, 4, 'blaiseyenke@gmail.com', 'IUT_GIN_1_20191019_1410491.jpg', '', '', 0),
(8, 'Pr EKOBENA Fouda', 5, NULL, 4, 'ekobenafouda@gmail.com', '', '', '', 1),
(9, 'Dr Yaoudam Elizabeth', 6, NULL, 2, 'yaoudam@gmail.com', '', '', '', 0),
(10, 'Dr Mezajoug Laurette', 2, NULL, NULL, 'mezajoug@gmail.com', '', '', '', 0),
(11, 'Mr Miché Said', 2, NULL, NULL, 'miche@gmail.com', '', '', '', 0),
(12, 'Dr Tenga Richard', 6, 10, 2, 'tenga@gmail.com', '', '', '', 0),
(14, 'Pr MOHAMMADOU Bouba adji', 2, NULL, 5, 'mohammadou@gmail.com', '', '', '', 0),
(15, 'Pr Mouangue Ruben', 6, 13, 4, 'Mouande@gmail.com', '', '', '', 1),
(16, 'Pr Tatadjeu', 6, 12, NULL, 'Tatadjeu@gmail.com', '', '', '', 0),
(17, 'Dr Abboubakar Hamadjam', 6, 7, 6, 'hamadjam@yahoo.fr', '', '', '', 0),
(18, 'KANI DJOULDE', 6, 7, 1, 'kanidjoulde@gmail.com', '', '', '', 0),
(26, 'Dr NDAM NJOYA', 6, 7, 2, 'ndanjoa@gmail.com', '', '', '', 0),
(27, 'Dr FENDJI Jean Louis', 6, 7, 2, 'elfendji@gmail.com', '', '', '', 0),
(28, 'Dr DANGBE Ezekiel', 6, 7, 2, 'dangbeezekiel@yahoo.fr', '', '', '', 0),
(29, 'Dr BATOURE Apollinaire', 6, 7, 2, 'apollinaire.batoure@gmail.com', '', '', '', 0),
(30, 'Dr FARIKOU', 6, 15, 2, 'email@gmail.com', '', '', '', 0),
(32, 'Mr BAKANG', 6, 7, NULL, 'email1@gmail.com', '', '', '', 0),
(34, 'Dr Salli', 6, 7, 1, 'moustafasalli@gmail.com', '', '', '', 0);

-- --------------------------------------------------------

--
-- Table structure for table `pieces_jointes`
--

CREATE TABLE `pieces_jointes` (
  `id_pj` int(11) NOT NULL,
  `nom_pj` varchar(255) NOT NULL,
  `type_pj` varchar(255) NOT NULL,
  `taille_pj` int(11) NOT NULL,
  `doc_id` int(11) NOT NULL
) ENGINE=InnoDB DEFAULT CHARSET=utf8;

--
-- Dumping data for table `pieces_jointes`
--

INSERT INTO `pieces_jointes` (`id_pj`, `nom_pj`, `type_pj`, `taille_pj`, `doc_id`) VALUES
(2, 'video0A11-07-2020_~15-57-04.mp4', 'video/mp4', 20075, 4),
(5, 'test2A04-09-2020_~15-01-27.odt', 'application/vnd.oasis.opendocument.text', 2003, 5);

-- --------------------------------------------------------

--
-- Table structure for table `plages`
--

CREATE TABLE `plages` (
  `id_plage` int(11) NOT NULL,
  `heure_debut` time(6) NOT NULL,
  `heure_fin` time(6) NOT NULL,
  `duree` int(6) NOT NULL,
  `rendu` varchar(100) NOT NULL,
  `type_plage_id` int(25) NOT NULL,
  `num_plage` int(11) NOT NULL
) ENGINE=InnoDB DEFAULT CHARSET=utf8;

--
-- Dumping data for table `plages`
--

INSERT INTO `plages` (`id_plage`, `heure_debut`, `heure_fin`, `duree`, `rendu`, `type_plage_id`, `num_plage`) VALUES
(1, '00:00:08.000000', '00:00:11.000000', 3, '08-11', 1, 1),
(2, '08:00:00.000000', '11:00:00.000000', 3, '08h-11h', 1, 1),
(3, '11:00:00.000000', '13:00:00.000000', 2, '11h-13h', 1, 2),
(4, '13:00:00.000000', '14:00:00.000000', 1, '13h-14h', 2, 3),
(5, '14:00:00.000000', '17:00:00.000000', 3, '14h-17h', 1, 4),
(6, '08:00:00.000000', '10:00:00.000000', 2, '08h-10h', 1, 1),
(7, '11:00:00.000000', '12:00:00.000000', 1, '11h-12h', 1, 2),
(8, '12:00:00.000000', '13:00:00.000000', 1, '12h-13h', 2, 3),
(9, '13:00:00.000000', '15:00:00.000000', 2, '13h-15h', 1, 4),
(10, '15:00:00.000000', '17:00:00.000000', 2, '15h-17h', 1, 5),
(11, '10:00:00.000000', '12:00:00.000000', 2, '10h-12h', 1, 2);

-- --------------------------------------------------------

--
-- Table structure for table `plage_niv`
--

CREATE TABLE `plage_niv` (
  `id_plage_niv` int(11) NOT NULL,
  `niveau_id` int(11) NOT NULL,
  `plage_id` int(11) NOT NULL,
  `niv_par_id` int(11) NOT NULL,
  `num_group` int(11) NOT NULL,
  `etat` int(11) NOT NULL
) ENGINE=InnoDB DEFAULT CHARSET=utf8;

--
-- Dumping data for table `plage_niv`
--

INSERT INTO `plage_niv` (`id_plage_niv`, `niveau_id`, `plage_id`, `niv_par_id`, `num_group`, `etat`) VALUES
(6, 1, 2, 1, 1, 0),
(7, 1, 3, 1, 1, 0),
(8, 1, 4, 1, 1, 0),
(9, 1, 5, 1, 1, 0),
(10, 2, 2, 2, 1, 0),
(11, 2, 3, 2, 1, 0),
(12, 2, 4, 2, 1, 0),
(13, 2, 5, 2, 1, 0),
(19, 2, 6, 2, 2, 1),
(20, 2, 11, 2, 2, 1),
(21, 2, 8, 2, 2, 1),
(22, 2, 9, 2, 2, 1),
(23, 2, 10, 2, 2, 1),
(24, 1, 2, 1, 2, 1);

-- --------------------------------------------------------

--
-- Table structure for table `plannification`
--

CREATE TABLE `plannification` (
  `id_plannification` int(11) NOT NULL,
  `semaine_id` int(11) NOT NULL,
  `jour_id` int(11) NOT NULL,
  `plage_id` int(11) NOT NULL,
  `salle_id` int(11) NOT NULL,
  `ec_id` int(11) NOT NULL,
  `evolution` int(11) NOT NULL,
  `n_groupe` int(11) NOT NULL,
  `type_planing` varchar(100) NOT NULL
) ENGINE=InnoDB DEFAULT CHARSET=latin1;

--
-- Dumping data for table `plannification`
--

INSERT INTO `plannification` (`id_plannification`, `semaine_id`, `jour_id`, `plage_id`, `salle_id`, `ec_id`, `evolution`, `n_groupe`, `type_planing`) VALUES
(20, 9, 1, 6, 1, 1, 0, 2, 'INVESTISSEMENT HUMAIN'),
(21, 9, 1, 11, 1, 1, 0, 2, 'INVESTISSEMENT HUMAIN'),
(22, 9, 1, 9, 1, 1, 0, 2, 'INVESTISSEMENT HUMAIN'),
(23, 9, 1, 10, 1, 1, 0, 2, 'INVESTISSEMENT HUMAIN'),
(24, 9, 2, 6, 1, 7, 2, 2, 'Cour'),
(25, 9, 2, 11, 1, 2, 2, 2, 'Cour'),
(26, 9, 2, 9, 1, 1, 2, 2, 'Cour'),
(27, 9, 2, 10, 1, 6, 2, 2, 'Cour'),
(28, 9, 3, 6, 1, 7, 4, 2, 'Cour'),
(29, 9, 3, 11, 1, 2, 4, 2, 'Cour'),
(30, 9, 4, 6, 1, 7, 6, 2, 'Cour'),
(31, 9, 4, 11, 1, 2, 6, 2, 'Cour'),
(32, 9, 4, 9, 1, 1, 4, 2, 'Cour'),
(33, 9, 4, 10, 1, 6, 4, 2, 'Cour'),
(34, 9, 5, 6, 1, 6, 6, 2, 'Cour'),
(35, 9, 5, 11, 1, 2, 8, 2, 'Cour'),
(36, 9, 5, 9, 1, 1, 6, 2, 'Cour'),
(37, 9, 5, 10, 1, 7, 8, 2, 'Cour'),
(38, 9, 6, 6, 1, 6, 8, 2, 'Cour'),
(39, 9, 6, 11, 1, 2, 10, 2, 'Cour'),
(62, 13, 1, 6, 1, 6, 10, 2, 'Cour'),
(63, 13, 1, 11, 1, 6, 12, 2, 'Cour'),
(64, 13, 1, 9, 1, 1, 8, 2, 'Cour'),
(65, 13, 1, 10, 1, 7, 10, 2, 'Cour'),
(66, 14, 2, 11, 1, 1, 0, 2, 'BIBLIOTHEQUE');

-- --------------------------------------------------------

--
-- Table structure for table `posseder`
--

CREATE TABLE `posseder` (
  `id_posseder` int(11) NOT NULL,
  `personnel_id` int(11) DEFAULT NULL,
  `poste_id` int(11) DEFAULT NULL
) ENGINE=InnoDB DEFAULT CHARSET=latin1;

--
-- Dumping data for table `posseder`
--

INSERT INTO `posseder` (`id_posseder`, `personnel_id`, `poste_id`) VALUES
(1, 1, 4),
(5, 2, 4),
(6, 8, 6),
(8, 6, 4),
(9, 9, 4),
(10, 10, 7),
(12, 12, 2),
(16, 15, 2),
(19, 16, 2),
(20, 17, 3),
(21, 14, 4),
(24, 18, 3),
(25, 7, 2),
(27, 20, 4),
(29, 24, 3);

-- --------------------------------------------------------

--
-- Table structure for table `postes`
--

CREATE TABLE `postes` (
  `id_poste` int(11) NOT NULL,
  `nom_poste` varchar(255) NOT NULL
) ENGINE=InnoDB DEFAULT CHARSET=utf8;

--
-- Dumping data for table `postes`
--

INSERT INTO `postes` (`id_poste`, `nom_poste`) VALUES
(1, 'DR'),
(2, 'CD'),
(3, 'RP'),
(4, 'CS'),
(5, 'DA'),
(6, 'DFI'),
(7, 'SAG'),
(9, 'SCOLARITE'),
(10, 'Aucun poste');

-- --------------------------------------------------------

--
-- Table structure for table `quitus_depot`
--

CREATE TABLE `quitus_depot` (
  `id_quitus` tinyint(4) NOT NULL,
  `memoire_id` int(11) NOT NULL,
  `nom_quitus` varchar(255) NOT NULL,
  `chemin_complet` varchar(255) NOT NULL,
  `generer_le` date NOT NULL,
  `taille` int(11) NOT NULL,
  `format` int(11) NOT NULL
) ENGINE=InnoDB DEFAULT CHARSET=utf8;

-- --------------------------------------------------------

--
-- Table structure for table `recuperations`
--

CREATE TABLE `recuperations` (
  `id_recup` int(11) NOT NULL,
  `etudiant_id` int(11) NOT NULL,
  `semestre_an` int(11) NOT NULL,
  `recup` int(11) NOT NULL DEFAULT 0,
  `date` timestamp NOT NULL DEFAULT current_timestamp() ON UPDATE current_timestamp()
) ENGINE=InnoDB DEFAULT CHARSET=utf8;

-- --------------------------------------------------------

--
-- Table structure for table `role`
--

CREATE TABLE `role` (
  `id_role` tinyint(1) NOT NULL,
  `nom_role` varchar(25) NOT NULL
) ENGINE=InnoDB DEFAULT CHARSET=latin1;

--
-- Dumping data for table `role`
--

INSERT INTO `role` (`id_role`, `nom_role`) VALUES
(1, 'moderateur'),
(2, 'administrateur'),
(3, 'Etudiant');

-- --------------------------------------------------------

--
-- Table structure for table `roles`
--

CREATE TABLE `roles` (
  `id_role` int(11) NOT NULL,
  `type_role` varchar(50) NOT NULL
) ENGINE=InnoDB DEFAULT CHARSET=utf8;

--
-- Dumping data for table `roles`
--

INSERT INTO `roles` (`id_role`, `type_role`) VALUES
(1, 'admin'),
(2, 'personnel'),
(5, 'DFI'),
(6, 'enseignant'),
(7, 'Technicien'),
(8, 'Agent d\'entretien'),
(9, 'gardien'),
(10, 'aucun role');

-- --------------------------------------------------------

--
-- Table structure for table `salles`
--

CREATE TABLE `salles` (
  `id_salle` int(11) NOT NULL,
  `nom_salle` varchar(50) NOT NULL,
  `intitule_salle` varchar(50) NOT NULL,
  `etat_salle` varchar(50) NOT NULL
) ENGINE=InnoDB DEFAULT CHARSET=utf8;

--
-- Dumping data for table `salles`
--

INSERT INTO `salles` (`id_salle`, `nom_salle`, `intitule_salle`, `etat_salle`) VALUES
(1, 'Salle 4', 'Agora', 'libre'),
(2, 'Salle 9', 'Gin1', 'libre'),
(3, 'Salle 10', 'Gin2', 'libre'),
(4, 'Salle 7', 'Amphi techno', 'libre'),
(5, 'Salle 8', 'Glo', 'libre'),
(6, 'Salle 5', 'Labo info', 'libre');

-- --------------------------------------------------------

--
-- Table structure for table `semaines`
--

CREATE TABLE `semaines` (
  `id_semaine` int(11) NOT NULL,
  `debut` date NOT NULL,
  `fin` date NOT NULL,
  `numero` int(11) NOT NULL,
  `annee_id` int(11) NOT NULL,
  `semaine_status` int(11) NOT NULL,
  `semestre_id` int(11) NOT NULL
) ENGINE=InnoDB DEFAULT CHARSET=latin1;

--
-- Dumping data for table `semaines`
--

INSERT INTO `semaines` (`id_semaine`, `debut`, `fin`, `numero`, `annee_id`, `semaine_status`, `semestre_id`) VALUES
(9, '2019-10-05', '2019-10-10', 1, 1, 4, 3),
(13, '2020-10-12', '2020-10-17', 2, 1, 4, 3),
(14, '2019-01-01', '2019-01-01', 3, 1, 4, 3);

-- --------------------------------------------------------

--
-- Table structure for table `semestres`
--

CREATE TABLE `semestres` (
  `id_semestre` int(11) NOT NULL,
  `semestre` varchar(50) NOT NULL,
  `niveau_id` int(11) NOT NULL
) ENGINE=InnoDB DEFAULT CHARSET=utf8;

--
-- Dumping data for table `semestres`
--

INSERT INTO `semestres` (`id_semestre`, `semestre`, `niveau_id`) VALUES
(1, '1', 1),
(2, '2', 1),
(3, '3', 2),
(4, '4', 2),
(5, '5', 3),
(6, '6', 3);

-- --------------------------------------------------------

--
-- Table structure for table `services`
--

CREATE TABLE `services` (
  `id_service` int(11) NOT NULL,
  `nom_service` varchar(255) NOT NULL,
  `description_service` text DEFAULT NULL,
  `service_id` int(11) DEFAULT NULL
) ENGINE=InnoDB DEFAULT CHARSET=utf8;

--
-- Dumping data for table `services`
--

INSERT INTO `services` (`id_service`, `nom_service`, `description_service`, `service_id`) VALUES
(1, 'ARCHIVAGE', '', 1),
(4, 'Direction', 'Direction de l\'iut', 1),
(5, 'Direction_Adjointe', 'service du directeur adjoint de l\'IUT', 4),
(6, 'DFI', 'Division de la Formation Permanante', 5),
(7, 'Division_stage', 'Division des stages , de la foration permanante et des relations avec les milieux proffessionnels', 5),
(8, 'S_stages', 'service des stages et de la formation professionnelle', 7),
(9, 'SFP', 'service de la formation permanante', 7),
(10, 'S_scolarité', 'service de la scolarité et orientation professionnele', 5),
(11, 'SAG', 'service des affaires génerales', 5),
(12, 'S_documentation', 'service de la documentation et de la reprographie', 5),
(13, 'Bibliothèque ', 'service en charge de la bibliotheque de l\'etablissement', 5),
(22, 'aucun service', NULL, NULL);

-- --------------------------------------------------------

--
-- Table structure for table `service_message`
--

CREATE TABLE `service_message` (
  `service_id` int(11) NOT NULL,
  `message_id` int(11) NOT NULL,
  `service_rec_id` int(11) NOT NULL,
  `date_envoi` date NOT NULL
) ENGINE=InnoDB DEFAULT CHARSET=latin1;

-- --------------------------------------------------------

--
-- Table structure for table `stage`
--

CREATE TABLE `stage` (
  `id_stage` int(11) NOT NULL,
  `categorie` int(11) NOT NULL,
  `dossier_id` int(11) NOT NULL,
  `theme` int(11) NOT NULL,
  `datedebut` varchar(12) NOT NULL,
  `datefin` varchar(12) NOT NULL,
  `entreprise` int(11) DEFAULT NULL,
  `date_creation` datetime NOT NULL DEFAULT current_timestamp(),
  `date_modification` datetime NOT NULL DEFAULT current_timestamp() ON UPDATE current_timestamp(),
  `status_stage` enum('on','off') NOT NULL
) ENGINE=InnoDB DEFAULT CHARSET=latin1;

--
-- Dumping data for table `stage`
--

INSERT INTO `stage` (`id_stage`, `categorie`, `dossier_id`, `theme`, `datedebut`, `datefin`, `entreprise`, `date_creation`, `date_modification`, `status_stage`) VALUES
(1, 3, 40, 1, '2019-06-03', '2019-08-02', 15, '2020-09-16 11:09:39', '2020-10-17 11:18:56', 'off'),
(2, 2, 63, 3, '2019-06-03', '2019-08-30', 3, '2020-09-16 11:29:50', '2020-10-17 11:19:03', 'off'),
(3, 2, 41, 4, '2019-06-03', '2019-08-31', 17, '2020-09-16 11:34:24', '2020-09-16 12:33:12', 'on'),
(4, 2, 28, 5, '2019-06-03', '2019-08-30', 3, '2020-09-16 11:36:37', '2020-09-16 12:33:19', 'on'),
(5, 2, 16, 6, '2019-06-17', '2019-09-01', 18, '2020-09-16 11:40:29', '2020-09-16 12:33:26', 'on'),
(6, 2, 5, 7, '2019-06-03', '2019-08-31', 19, '2020-09-16 11:43:41', '2020-10-17 12:42:07', 'off'),
(7, 2, 44, 8, '2019-06-03', '2019-08-30', 20, '2020-09-16 12:15:09', '2020-10-17 12:42:18', 'off'),
(8, 2, 7, 9, '2019-06-02', '2019-09-02', 1, '2020-09-16 12:27:36', '2020-10-17 12:42:30', 'off'),
(9, 2, 39, 10, '2019-06-04', '2019-08-28', 17, '2020-09-16 12:32:40', '2020-10-17 12:42:40', 'off'),
(10, 2, 67, 11, '2019-06-03', '2019-08-31', 16, '2020-09-16 12:35:36', '2020-09-16 12:35:36', 'on'),
(11, 2, 46, 12, '2019-06-02', '2019-08-17', 21, '2020-09-16 12:41:21', '2020-10-17 12:40:55', 'off'),
(12, 2, 2, 13, '2019-06-04', '2019-08-31', 22, '2020-09-16 12:52:42', '2020-09-16 12:52:42', 'on'),
(13, 2, 34, 14, '2019-06-03', '2019-08-30', 23, '2020-09-16 12:56:11', '2020-09-16 12:56:11', 'on'),
(14, 2, 3, 15, '2019-06-03', '2019-08-30', 22, '2020-09-16 12:57:56', '2020-09-16 12:57:56', 'on'),
(15, 2, 17, 16, '2019-06-04', '2019-08-28', 1, '2020-09-16 13:00:02', '2020-09-16 13:00:02', 'on'),
(16, 2, 59, 17, '2019-06-04', '2019-08-28', 1, '2020-09-16 13:01:57', '2020-09-16 13:01:57', 'on'),
(17, 2, 42, 18, '2019-06-03', '2019-08-30', 2, '2020-09-16 13:04:51', '2020-10-17 11:22:29', 'off'),
(18, 2, 13, 19, '2019-06-03', '2019-08-30', 2, '2020-09-16 13:07:01', '2020-10-17 11:22:19', 'off'),
(19, 2, 12, 20, '2019-06-03', '2019-08-30', 24, '2020-09-16 13:10:25', '2020-10-17 11:22:06', 'off'),
(20, 2, 50, 21, '2019-06-03', '2019-08-30', 25, '2020-09-16 13:13:37', '2020-10-17 11:21:58', 'off'),
(21, 2, 65, 22, '2019-06-03', '2019-08-02', 15, '2020-09-16 13:18:17', '2020-10-12 16:58:21', 'off'),
(22, 2, 27, 23, '2019-06-03', '2019-08-31', 18, '2020-09-17 16:07:40', '2020-10-12 16:11:30', 'off'),
(23, 2, 25, 24, '2019-06-10', '2019-08-30', 27, '2020-09-17 16:11:07', '2020-10-12 16:18:35', 'off'),
(25, 2, 49, 25, '2019-06-03', '2019-08-30', 3, '2020-09-17 16:14:05', '2020-10-12 17:45:02', 'off'),
(26, 2, 57, 26, '2019-06-03', '2019-08-30', 3, '2020-09-17 16:15:56', '2020-10-08 18:22:19', 'off'),
(27, 2, 61, 27, '2019-06-02', '2019-08-19', 28, '2020-09-17 16:19:06', '2020-10-12 16:11:13', 'off'),
(28, 2, 15, 28, '2019-06-03', '2019-08-30', 2, '2020-09-17 16:29:39', '2020-10-12 16:18:15', 'off'),
(29, 2, 53, 29, '2019-06-03', '2019-08-30', 17, '2020-09-17 16:32:33', '2020-10-12 16:11:02', 'off'),
(30, 2, 4, 30, '2019-06-04', '2019-08-28', 1, '2020-09-17 16:38:25', '2020-10-12 16:10:50', 'off'),
(31, 2, 10, 31, '2019-06-03', '2019-08-03', 29, '2020-09-17 16:41:14', '2020-09-17 16:41:14', 'on'),
(32, 2, 24, 32, '2019-06-03', '2019-08-30', 26, '2020-09-17 16:44:33', '2020-09-17 16:44:33', 'on'),
(33, 2, 38, 33, '2019-06-03', '2019-08-02', 31, '2020-09-17 16:50:49', '2020-10-12 16:17:52', 'off'),
(34, 2, 48, 34, '2019-06-03', '2019-08-30', 3, '2020-09-17 16:52:49', '2020-10-12 16:17:43', 'off'),
(36, 2, 23, 35, '2019-06-04', '2019-08-28', 1, '2020-09-17 16:55:58', '2020-10-12 17:43:56', 'off'),
(37, 2, 31, 15, '2019-06-03', '2019-08-29', 22, '2020-09-17 16:58:00', '2020-10-12 16:17:20', 'off'),
(38, 2, 55, 36, '2019-06-03', '2019-08-30', 19, '2020-09-17 16:59:42', '2020-09-17 16:59:42', 'on'),
(40, 2, 19, 37, '2019-06-10', '2019-08-09', 31, '2020-09-17 17:02:09', '2020-10-13 13:37:12', 'off'),
(41, 2, 21, 23, '2019-06-03', '2019-08-31', 18, '2020-09-17 17:04:42', '2020-10-12 16:09:56', 'off'),
(42, 2, 62, 38, '2019-06-01', '2019-08-30', 1, '2020-09-17 17:08:31', '2020-09-17 17:08:31', 'on'),
(43, 2, 54, 39, '2019-06-03', '2019-08-08', 31, '2020-09-17 17:11:23', '2020-10-08 18:03:36', 'off'),
(44, 2, 52, 40, '2019-06-17', '2019-08-01', 18, '2020-09-17 17:13:04', '2020-10-12 17:43:31', 'off'),
(45, 2, 36, 41, '2019-06-04', '2019-08-28', 1, '2020-09-17 17:15:46', '2020-10-08 18:03:21', 'off'),
(46, 2, 33, 42, '2019-06-01', '2019-08-30', 14, '2020-09-17 17:17:36', '2020-10-12 16:57:26', 'off'),
(47, 2, 43, 43, '2019-06-03', '2019-08-30', 19, '2020-09-17 17:19:59', '2020-09-17 17:19:59', 'on'),
(48, 2, 66, 44, '2019-06-03', '2019-08-31', 16, '2020-10-17 11:54:30', '2020-10-17 12:40:11', 'off');

-- --------------------------------------------------------

--
-- Table structure for table `stage_par_niveau`
--

CREATE TABLE `stage_par_niveau` (
  `id_stage_par_niveau` int(11) NOT NULL,
  `type_stage` int(11) NOT NULL,
  `niveau` int(11) NOT NULL
) ENGINE=InnoDB DEFAULT CHARSET=latin1;

--
-- Dumping data for table `stage_par_niveau`
--

INSERT INTO `stage_par_niveau` (`id_stage_par_niveau`, `type_stage`, `niveau`) VALUES
(1, 4, 1),
(2, 2, 2),
(3, 5, 3),
(4, 3, 2),
(5, 3, 3);

-- --------------------------------------------------------

--
-- Table structure for table `surveillant`
--

CREATE TABLE `surveillant` (
  `id_surveillant` int(11) NOT NULL,
  `nom` varchar(50) NOT NULL,
  `prenom` varchar(50) NOT NULL,
  `grade` varchar(50) NOT NULL
) ENGINE=InnoDB DEFAULT CHARSET=utf8;

-- --------------------------------------------------------

--
-- Table structure for table `surveiller`
--

CREATE TABLE `surveiller` (
  `id_surveiller` int(11) NOT NULL,
  `examen_id` int(11) NOT NULL,
  `personnel_id` int(11) NOT NULL
) ENGINE=InnoDB DEFAULT CHARSET=utf8;

--
-- Dumping data for table `surveiller`
--

INSERT INTO `surveiller` (`id_surveiller`, `examen_id`, `personnel_id`) VALUES
(1, 40, 18),
(2, 42, 17),
(3, 43, 17),
(4, 43, 18);

-- --------------------------------------------------------

--
-- Table structure for table `theme`
--

CREATE TABLE `theme` (
  `id_theme` int(11) NOT NULL,
  `nom_theme` text NOT NULL,
  `date_creation` datetime NOT NULL DEFAULT current_timestamp(),
  `date_modification` datetime NOT NULL DEFAULT current_timestamp() ON UPDATE current_timestamp()
) ENGINE=InnoDB DEFAULT CHARSET=latin1;

--
-- Dumping data for table `theme`
--

INSERT INTO `theme` (`id_theme`, `nom_theme`, `date_creation`, `date_modification`) VALUES
(1, 'APPLICATION DE SUIVI DES ACTIONS A MENER PAR LES AGENTS ASECNA', '2020-09-16 11:09:39', '2020-09-16 11:09:39'),
(2, 'ETUDE ET MISE EN PLACE D\'UN RESAU INFORMATIQUE SECURISE A LA SOUS-DIRECTION DE L\'EXPRESS UNION DE L\'ADAMAOUA (NGAOUNDERE)', '2020-09-16 11:22:39', '2020-09-16 11:22:39'),
(3, 'GESTION DES CONSOMMABLE DU MAGASIN DE LA DIRECTION DES AFFAIRES GENERALE', '2020-09-16 11:29:50', '2020-09-16 11:29:50'),
(4, 'CONCEPTION ET DEVELOPPEMENT DE LA PLATEFORME WEB DE CONTROLE ET MANAGEMENT DE SYGALIN S.A.S', '2020-09-16 11:34:24', '2020-09-16 11:34:24'),
(5, 'CONFIGURATION ET MISE A JOUR DE L\'APPLICATION GLPI EN FONCTION DES BESSOIN DE LA SODECOTON', '2020-09-16 11:36:37', '2020-09-16 11:36:37'),
(6, 'CONCEPTION ET REALISATION D\'UNE PLATEFORME WEB POUR TPM (PARTIE ADMINISTRATEUR)', '2020-09-16 11:40:29', '2020-09-16 11:40:29'),
(7, 'MISE EN PLACE D\'UNE APPLICATION WEB DE GESTION DE PRISE DE RENDEZ-VOUS', '2020-09-16 11:43:41', '2020-09-16 11:43:41'),
(8, 'MISE EN PLACE D\'UNE APPLICATION DE GESTION DU DOSSIER D;UN PATIENT AU SEIN DE L\'HOPITAL REGINAL DE NGAOUNDERE', '2020-09-16 12:15:09', '2020-09-16 12:15:09'),
(9, 'TRACKING DU BETAIL', '2020-09-16 12:27:36', '2020-09-16 12:27:36'),
(10, 'IMPLEMENTATION D\'UN SYSTEME DE GESTION DES STAGE POUR DJABBAMA DOUNIA SARL', '2020-09-16 12:32:40', '2020-09-16 12:32:40'),
(11, 'ETUDE ET MISE EN PLACE D\'UN RESEAU INFORMATIQUE SECURISE A LA SOUS-DIRECTION REGIONAL DE L\'EXPRESS UNION DE L\'ADAMAOUA (NGAOUNDERE)', '2020-09-16 12:35:35', '2020-09-16 12:35:35'),
(12, 'MISE EN PLACE D\'UN SYSTEME DE GESTION DES FORMULAIRES DES PRODUITS BANCAIRE : CAS DE AFRILAND FIRST BANK', '2020-09-16 12:41:21', '2020-09-16 12:41:21'),
(13, 'DEVELOPPEMENT D\'UNE APPLICATION DE GESTION DES MATERIELS INFORMATIQUE DU CDTIC', '2020-09-16 12:52:42', '2020-09-16 12:52:42'),
(14, 'GESTION AUTOMATISE DU PERSONNEL ET DES BON DE COMMANDE DES MATERIELS: CAS DE DEREPOSTEL DE GAROUA', '2020-09-16 12:56:11', '2020-09-16 12:56:11'),
(15, 'DEVELOPPEMENT D\'UNE APPLICATION DE GESTION DE TRANSPORT URBAIN A NGAOUNDERE', '2020-09-16 12:57:56', '2020-09-16 12:57:56'),
(16, 'CONCEPTION ET REALISATION D\'UNE APPLICATION DE GESTION DES NOTES DE L\'IUT DE NGAOUNDERE', '2020-09-16 13:00:02', '2020-09-16 13:00:02'),
(17, 'REALISATION D\'UN SYSTEME AUTOMATISE DE GESTION A L\'IUT : GESTION DES COMPTES', '2020-09-16 13:01:57', '2020-09-16 13:01:57'),
(18, 'AUTOMATISATION DE LA GESTION DE LA COMPTABILITE-MATIERE AU CENADI', '2020-09-16 13:04:51', '2020-09-16 13:04:51'),
(19, 'PLATEFORME D\'INTERVATION SUR LES INFRASTRUCTURES RESEAUX : CAS DU CENADI', '2020-09-16 13:07:01', '2020-09-16 13:07:01'),
(20, 'MISE EN PLACE DU SITE WEB DE L\'HOPITAL JAMOT DE YAOUNDE', '2020-09-16 13:10:25', '2020-09-16 13:10:25'),
(21, 'MISE EN PLACE D\'UN INTRANET EN VUE DU DEPLOIEMENT DES SERVICES', '2020-09-16 13:13:37', '2020-09-16 13:13:37'),
(22, 'MISE EN PLACE D\'UNE APPLICATION DE SUIVI DES ACTIONS A MENER PAR LES AGENTS ASECNA GAROUA', '2020-09-16 13:18:17', '2020-09-16 13:18:17'),
(23, 'GESTION DES STOCKS ET DE LA CLIENTELE A TPM', '2020-09-17 16:07:40', '2020-09-17 16:07:40'),
(24, 'SEGMENTATION DU RESEAU DE LA CSPH', '2020-09-17 16:11:06', '2020-09-17 16:11:06'),
(25, 'MISE EN PLACE DU PLANNING DE MISSIONS A LA DIRECTION DE L\'INFORMATIQUE', '2020-09-17 16:14:05', '2020-09-17 16:14:05'),
(26, 'CONFIGURATION ET MISE A JOUR DE L\'APPLICATION GLPT EN FONCTION DES BESOINS DE LA SODECOTON', '2020-09-17 16:15:56', '2020-09-17 16:15:56'),
(27, 'INTEGRATION D\'UN MODULE E-COMMERCE SUR LE SITE DE L\'ALLIANCE BIBLIQUE DU CAMEROUN', '2020-09-17 16:19:06', '2020-09-17 16:19:06'),
(28, 'MISE EN OEUVRE D\'UNE PLATEFORME DE SUPERVISION DE L\'INFRASTRUCTURE RESEAU INFORMATIQUE CAS DU CENADI', '2020-09-17 16:29:39', '2020-09-17 16:29:39'),
(29, 'CONCEPTION D\'UNE PLATEFORME WEB DE CONTROLE ET DE MANAGEMENT DE SYGALIN S.A.S ; COMMANDE D\'UN PRODUIT ET DEMANDE DE SERVICE', '2020-09-17 16:32:33', '2020-09-17 16:32:33'),
(30, 'MISE EN PLACE D\'UN SYSTEME DE GESTION DE NOTES A L\'IUT DE NGAOUNDERE (CAS DE L\'ENSEIGNANT)', '2020-09-17 16:38:25', '2020-09-17 16:38:25'),
(31, 'IMPLEMENTATION D\'UNE SOLUTION VPN EN ENTREPRISE CAS D\'ENEO DE LA REGION DE L\'EST', '2020-09-17 16:41:14', '2020-09-17 16:41:14'),
(32, 'MISE EN PLACE D\'UN INTRANET DANS UNE ENTREPRISE', '2020-09-17 16:44:33', '2020-09-17 16:44:33'),
(33, 'MISE EN PLACE D\'UNE APPLICATION DE CONTROLE D\'ACCES AU BLOC TECHNIQUE DE L\'ASECNA', '2020-09-17 16:50:49', '2020-09-17 16:50:49'),
(34, 'MISE EN PLACE D\'UNE APPLICATION DE GESTION DU PLANNING DE MISSION A LA DIRECTION DE L\'INFORMATIQUE', '2020-09-17 16:52:49', '2020-09-17 16:52:49'),
(35, 'CONCEPTION ET REALISATION D\'UNE APPLICATION DE GESTION DES NOTES A L\'IUT DE NGAOUNDERE : CAS DE LA SCOLARITE', '2020-09-17 16:55:58', '2020-09-17 16:55:58'),
(36, 'MISE EN PLACE UNE APPLICATION DE GESTION DE PRISE DE RENDEZ-VOUS', '2020-09-17 16:59:42', '2020-09-17 16:59:42'),
(37, 'MISE EN PLACE D\'UNE APPLICATION DE CONTROLE D\'ACCES PERSONNES ET VEHICULES DU BLOC TECHNIQUE DE L\'ASECNA', '2020-09-17 17:02:09', '2020-09-17 17:02:09'),
(38, 'CONCEPTION ET REALISATION D\'UNE APPLICATION DE PROGRAMMATION DES EXAMENS ET EMPLOIS DE TEMPS', '2020-09-17 17:08:31', '2020-09-17 17:08:31'),
(39, 'MISE EN PLACE D\'UNE APPLICATION WEB DE CONTROLE DES REGISTRE DE PROCES VERBALE JOURNALIER DE L\'ASECNA YAOUNDE', '2020-09-17 17:11:23', '2020-09-17 17:11:23'),
(40, 'CONCEPTION ET REALISATION D\'UNE PLATEFORME DE E-COMMERCE', '2020-09-17 17:13:04', '2020-09-17 17:13:04'),
(41, 'REALISATION D\'UN SYSTEME INFORMATISE A L\'IUT DE NGAOUNDERE : ARCHIVAGE DES DOCUMENTS ADMINISTRATIFS', '2020-09-17 17:15:46', '2020-09-17 17:15:46'),
(42, 'REFONTE DE L\'INTERFACE DE SELECTION DES CULTURES', '2020-09-17 17:17:36', '2020-09-17 17:17:36'),
(43, 'MISE EN PLACE D\'UN SERVEUR VOIP A L\'HOPITAL PROTESTANT DE NGAOUNDERE', '2020-09-17 17:19:59', '2020-09-17 17:19:59'),
(44, 'ETUDE ET MISE EN PLACE D\'UN RESEAU INFORMATIQUE SECURISE A LA SOUS-DIRECTION REGIONALE DE L\'EXPRESS UNION DE L\'ADAMAOUA', '2020-10-17 11:54:30', '2020-10-17 11:54:30');

-- --------------------------------------------------------

--
-- Table structure for table `type_encadreur`
--

CREATE TABLE `type_encadreur` (
  `id_type` int(11) NOT NULL,
  `nom_type` varchar(255) NOT NULL
) ENGINE=InnoDB DEFAULT CHARSET=latin1;

--
-- Dumping data for table `type_encadreur`
--

INSERT INTO `type_encadreur` (`id_type`, `nom_type`) VALUES
(1, 'ACADEMIQUE'),
(2, 'INDUSTRIEL');

-- --------------------------------------------------------

--
-- Table structure for table `type_exam`
--

CREATE TABLE `type_exam` (
  `id_type` int(11) NOT NULL,
  `intitule_type` varchar(50) NOT NULL
) ENGINE=InnoDB DEFAULT CHARSET=utf8;

--
-- Dumping data for table `type_exam`
--

INSERT INTO `type_exam` (`id_type`, `intitule_type`) VALUES
(1, 'Synthese'),
(2, 'Rattrapage'),
(3, 'cc'),
(4, 'tp'),
(5, 'tpe');

-- --------------------------------------------------------

--
-- Table structure for table `type_plage`
--

CREATE TABLE `type_plage` (
  `id_type_plage` int(11) NOT NULL,
  `intitule_plage` varchar(255) NOT NULL
) ENGINE=InnoDB DEFAULT CHARSET=latin1;

--
-- Dumping data for table `type_plage`
--

INSERT INTO `type_plage` (`id_type_plage`, `intitule_plage`) VALUES
(1, 'cour'),
(2, 'pause');

-- --------------------------------------------------------

--
-- Table structure for table `type_stage`
--

CREATE TABLE `type_stage` (
  `id_type` int(11) NOT NULL,
  `nom_type` text NOT NULL,
  `desc_type` text NOT NULL
) ENGINE=InnoDB DEFAULT CHARSET=latin1 COMMENT='la categorie des stages';

--
-- Dumping data for table `type_stage`
--

INSERT INTO `type_stage` (`id_type`, `nom_type`, `desc_type`) VALUES
(2, 'STAGE AGENT MAITRISE', 'stage en vue de l\'obtention du DUT'),
(3, 'PROJET D\'INTEGRATION', 'projet preparant l\'etudiant au stage'),
(4, 'STAGE OUVRIER', 'stage d\'integration au monde professionnel'),
(5, 'STAGE PROFESSIONNEL', 'stage de fin d\'étude en vue de l\'obtention de la LITECH');

-- --------------------------------------------------------

--
-- Table structure for table `ue`
--

CREATE TABLE `ue` (
  `id_ue` int(11) NOT NULL,
  `code_ue` varchar(20) NOT NULL,
  `intitule_ue` varchar(50) NOT NULL,
  `code_alpha_ue` varchar(10) NOT NULL,
  `num_ue` int(11) NOT NULL,
  `semestre_id` int(11) NOT NULL
) ENGINE=InnoDB DEFAULT CHARSET=utf8;

--
-- Dumping data for table `ue`
--

INSERT INTO `ue` (`id_ue`, `code_ue`, `intitule_ue`, `code_alpha_ue`, `num_ue`, `semestre_id`) VALUES
(1, 'EG 11', 'Humanité 1', 'EG', 1, 1),
(2, 'INF 12', 'Exploitation des ordinateurs', 'INF', 2, 1),
(3, 'INF 13', 'Mathématiques 1', 'INF', 3, 1),
(4, 'INF 14', 'Programmation sur ordinateur', 'INF', 4, 1),
(5, 'EG 21', 'Droit et Gestion', 'EG', 1, 2),
(6, 'INF 22', 'Algorithmes et outils mathématiques 2', 'INF', 2, 2),
(7, 'IFT 23', 'Programmation 1', 'IFT', 3, 2),
(8, 'INF 24', 'Modélisation et Bases de Données', 'INF', 4, 2),
(9, 'EG 31', 'Humanité II', 'EG', 1, 3),
(10, 'INF 32', 'Bases de l’informatique et applications', 'INF', 2, 3),
(11, 'INF 33', 'Graphes et réseaux', 'INF', 3, 3),
(12, 'IFT 34', 'Algorithmique ', 'IFT', 4, 3),
(13, 'INF 35', 'Programmation 2', 'INF', 5, 3),
(14, 'EP 41', 'Environnement Professionnel', 'EP', 1, 4),
(15, 'INF 42', 'Architecture machine ', 'INF', 2, 4),
(16, 'INF 43', 'Compilateur et application Web', 'INF', 3, 4),
(17, 'INF 44', 'Automation et calcul probabiliste', 'INF', 4, 4);

-- --------------------------------------------------------

--
-- Table structure for table `ville`
--

CREATE TABLE `ville` (
  `id_ville` int(11) NOT NULL,
  `nom_ville` varchar(255) NOT NULL,
  `pays` int(11) DEFAULT 0
) ENGINE=InnoDB DEFAULT CHARSET=latin1;

--
-- Dumping data for table `ville`
--

INSERT INTO `ville` (`id_ville`, `nom_ville`, `pays`) VALUES
(1, 'DOUALA', 1),
(2, 'YAOUNDE', 1),
(3, 'GAROUA', 1),
(4, 'MAROUA', 1),
(5, 'BAFOUSAM', 1),
(6, 'BERTOUA', 1),
(7, 'BUEA', 1),
(8, 'BAMENDA', 1),
(9, 'NGAOUNDERE', 1),
(10, 'EBOLOWA', 1);

--
-- Indexes for dumped tables
--

--
-- Indexes for table `actions`
--
ALTER TABLE `actions`
  ADD PRIMARY KEY (`id_action`);

--
-- Indexes for table `affecter`
--
ALTER TABLE `affecter`
  ADD PRIMARY KEY (`id_affecter`),
  ADD KEY `personnel_id` (`personnel_id`),
  ADD KEY `service_id` (`service_id`);

--
-- Indexes for table `annee_academiques`
--
ALTER TABLE `annee_academiques`
  ADD PRIMARY KEY (`id_annee`);

--
-- Indexes for table `associations`
--
ALTER TABLE `associations`
  ADD PRIMARY KEY (`id_association`),
  ADD KEY `id_ue` (`ue_id`),
  ADD KEY `id_niveau` (`niv_par_id`);

--
-- Indexes for table `categories`
--
ALTER TABLE `categories`
  ADD PRIMARY KEY (`id_categorie`),
  ADD KEY `id_categorieE` (`categorie_id`),
  ADD KEY `services_id` (`service_id`),
  ADD KEY `departement_id` (`departement_id`);

--
-- Indexes for table `chat`
--
ALTER TABLE `chat`
  ADD PRIMARY KEY (`id`);

--
-- Indexes for table `ci_sessions`
--
ALTER TABLE `ci_sessions`
  ADD PRIMARY KEY (`id`),
  ADD KEY `ci_sessions_timestamp` (`timestamp`);

--
-- Indexes for table `commentaires`
--
ALTER TABLE `commentaires`
  ADD PRIMARY KEY (`id_commentaite`),
  ADD KEY `dossier_id` (`dossier_id`),
  ADD KEY `ec_id` (`ec_id`),
  ADD KEY `personnel_id` (`personnel_id`);

--
-- Indexes for table `comptes`
--
ALTER TABLE `comptes`
  ADD PRIMARY KEY (`id_compte`),
  ADD UNIQUE KEY `pass` (`pass`),
  ADD KEY `personnel_id` (`personnel_id`);

--
-- Indexes for table `correspondances`
--
ALTER TABLE `correspondances`
  ADD PRIMARY KEY (`id_correspondance`),
  ADD KEY `id_cycle` (`cycle_id`),
  ADD KEY `id_mention` (`mention_id`);

--
-- Indexes for table `correspondance_motcle`
--
ALTER TABLE `correspondance_motcle`
  ADD PRIMARY KEY (`id`),
  ADD KEY `mot-cle` (`mot-cle`),
  ADD KEY `memoire` (`memoire`);

--
-- Indexes for table `cycles`
--
ALTER TABLE `cycles`
  ADD PRIMARY KEY (`id_cycle`);

--
-- Indexes for table `departements`
--
ALTER TABLE `departements`
  ADD PRIMARY KEY (`id_departement`),
  ADD KEY `service_id` (`service_id`);

--
-- Indexes for table `deroulements`
--
ALTER TABLE `deroulements`
  ADD PRIMARY KEY (`id_deroulement`),
  ADD KEY `id_exam` (`examen_id`),
  ADD KEY `id_salle` (`salle_id`);

--
-- Indexes for table `documents`
--
ALTER TABLE `documents`
  ADD PRIMARY KEY (`id_doc`),
  ADD KEY `id_categorieE` (`categorie_id`);

--
-- Indexes for table `dossiers`
--
ALTER TABLE `dossiers`
  ADD PRIMARY KEY (`id_dossier`),
  ADD KEY `id_niveau` (`niv_par_id`),
  ADD KEY `annee_id` (`annee_id`),
  ADD KEY `etudiant_id` (`etudiant_id`);

--
-- Indexes for table `ec`
--
ALTER TABLE `ec`
  ADD PRIMARY KEY (`id_ec`),
  ADD KEY `cours_ibfk_2` (`ue_id`),
  ADD KEY `id_etat` (`etat_id`);

--
-- Indexes for table `encadrement`
--
ALTER TABLE `encadrement`
  ADD PRIMARY KEY (`id`),
  ADD KEY `encadrement_ibfk_1` (`stage`),
  ADD KEY `encadrement_ibfk_2` (`encadreur`);

--
-- Indexes for table `encadreur`
--
ALTER TABLE `encadreur`
  ADD PRIMARY KEY (`id_enc`),
  ADD KEY `encadreur_ibfk_1` (`fonction`),
  ADD KEY `encadreur_ibfk_2` (`type_enc`),
  ADD KEY `entreprise` (`entreprise`);

--
-- Indexes for table `enseignes`
--
ALTER TABLE `enseignes`
  ADD PRIMARY KEY (`id_enseigne`),
  ADD KEY `id_cours` (`ec_id`),
  ADD KEY `enseigner_ibfk_2` (`personnel_id`),
  ADD KEY `annee_id` (`annee_id`);

--
-- Indexes for table `entreprise`
--
ALTER TABLE `entreprise`
  ADD PRIMARY KEY (`id_entreprise`),
  ADD KEY `entreprise_ibfk_1` (`ville`);

--
-- Indexes for table `etablissement`
--
ALTER TABLE `etablissement`
  ADD PRIMARY KEY (`id_etab`);

--
-- Indexes for table `etat`
--
ALTER TABLE `etat`
  ADD PRIMARY KEY (`id_etat`);

--
-- Indexes for table `etats_quitus`
--
ALTER TABLE `etats_quitus`
  ADD PRIMARY KEY (`id_quitus`),
  ADD UNIQUE KEY `dossier_id` (`dossier_id`);

--
-- Indexes for table `etudiants`
--
ALTER TABLE `etudiants`
  ADD PRIMARY KEY (`id_etudiant`);

--
-- Indexes for table `examens`
--
ALTER TABLE `examens`
  ADD PRIMARY KEY (`id_examen`),
  ADD KEY `examens_ibfk_1` (`personnel_id`),
  ADD KEY `id_cours` (`ec_id`),
  ADD KEY `id_type` (`type_id`),
  ADD KEY `anne_id` (`annee_id`),
  ADD KEY `niv_par_id` (`niv_par_id`);

--
-- Indexes for table `fichier`
--
ALTER TABLE `fichier`
  ADD PRIMARY KEY (`id_fic`),
  ADD KEY `fichier_ibfk_1` (`memoire_id`);

--
-- Indexes for table `fonctions`
--
ALTER TABLE `fonctions`
  ADD PRIMARY KEY (`id_fonction`);

--
-- Indexes for table `grades`
--
ALTER TABLE `grades`
  ADD PRIMARY KEY (`id_grade`);

--
-- Indexes for table `jours`
--
ALTER TABLE `jours`
  ADD PRIMARY KEY (`id_jour`);

--
-- Indexes for table `memoire`
--
ALTER TABLE `memoire`
  ADD PRIMARY KEY (`id_memoire`),
  ADD UNIQUE KEY `stage` (`stage`),
  ADD UNIQUE KEY `stage_2` (`stage`);

--
-- Indexes for table `mentions`
--
ALTER TABLE `mentions`
  ADD PRIMARY KEY (`id_mention`);

--
-- Indexes for table `messages`
--
ALTER TABLE `messages`
  ADD PRIMARY KEY (`id_message`),
  ADD KEY `service_id` (`service_id`);

--
-- Indexes for table `messages_user`
--
ALTER TABLE `messages_user`
  ADD PRIMARY KEY (`id`);

--
-- Indexes for table `mot_cle`
--
ALTER TABLE `mot_cle`
  ADD PRIMARY KEY (`id`);

--
-- Indexes for table `niveaux`
--
ALTER TABLE `niveaux`
  ADD PRIMARY KEY (`id_niveau`),
  ADD KEY `cycle_id` (`cycle_id`);

--
-- Indexes for table `niv_par`
--
ALTER TABLE `niv_par`
  ADD PRIMARY KEY (`id_niv_par`),
  ADD KEY `niveau_id` (`niveau_id`),
  ADD KEY `parcour_id` (`parcour_id`);

--
-- Indexes for table `notes`
--
ALTER TABLE `notes`
  ADD PRIMARY KEY (`id_note`),
  ADD KEY `dossier_id` (`dossier_id`),
  ADD KEY `examen_id` (`examen_id`);

--
-- Indexes for table `notes_generale`
--
ALTER TABLE `notes_generale`
  ADD PRIMARY KEY (`id_note_generale`),
  ADD KEY `annee_id` (`annee_id`),
  ADD KEY `ec_id` (`ec_id`),
  ADD KEY `etudiant_id` (`etudiant_id`);

--
-- Indexes for table `parametres`
--
ALTER TABLE `parametres`
  ADD PRIMARY KEY (`id_parametre`);

--
-- Indexes for table `parcours`
--
ALTER TABLE `parcours`
  ADD PRIMARY KEY (`id_parcour`),
  ADD KEY `parcours_ibfk_1` (`departement_id`),
  ADD KEY `mention_id` (`mention_id`);

--
-- Indexes for table `pays`
--
ALTER TABLE `pays`
  ADD PRIMARY KEY (`id_pays`);

--
-- Indexes for table `personnels`
--
ALTER TABLE `personnels`
  ADD PRIMARY KEY (`id_personnel`),
  ADD KEY `nom_dep` (`departement_id`),
  ADD KEY `id_role` (`role_id`),
  ADD KEY `grade_id` (`grade_id`);

--
-- Indexes for table `pieces_jointes`
--
ALTER TABLE `pieces_jointes`
  ADD PRIMARY KEY (`id_pj`),
  ADD KEY `id_docE` (`doc_id`);

--
-- Indexes for table `plages`
--
ALTER TABLE `plages`
  ADD PRIMARY KEY (`id_plage`),
  ADD KEY `type_plage_id` (`type_plage_id`);

--
-- Indexes for table `plage_niv`
--
ALTER TABLE `plage_niv`
  ADD PRIMARY KEY (`id_plage_niv`),
  ADD KEY `plage_id` (`plage_id`),
  ADD KEY `niveau_id` (`niveau_id`),
  ADD KEY `niv_par_id` (`niv_par_id`);

--
-- Indexes for table `plannification`
--
ALTER TABLE `plannification`
  ADD PRIMARY KEY (`id_plannification`),
  ADD KEY `fk_semaine_id` (`semaine_id`),
  ADD KEY `fk_salle_id` (`salle_id`),
  ADD KEY `fk_jour_id` (`jour_id`),
  ADD KEY `fk_plage_id_` (`plage_id`),
  ADD KEY `plannification_ibfk_1` (`ec_id`);

--
-- Indexes for table `posseder`
--
ALTER TABLE `posseder`
  ADD PRIMARY KEY (`id_posseder`),
  ADD KEY `personnel_id` (`personnel_id`),
  ADD KEY `poste_id` (`poste_id`);

--
-- Indexes for table `postes`
--
ALTER TABLE `postes`
  ADD PRIMARY KEY (`id_poste`);

--
-- Indexes for table `quitus_depot`
--
ALTER TABLE `quitus_depot`
  ADD PRIMARY KEY (`id_quitus`),
  ADD KEY `memoire_id` (`memoire_id`);

--
-- Indexes for table `recuperations`
--
ALTER TABLE `recuperations`
  ADD PRIMARY KEY (`id_recup`),
  ADD KEY `etudiant_id` (`etudiant_id`);

--
-- Indexes for table `role`
--
ALTER TABLE `role`
  ADD PRIMARY KEY (`id_role`);

--
-- Indexes for table `roles`
--
ALTER TABLE `roles`
  ADD PRIMARY KEY (`id_role`);

--
-- Indexes for table `salles`
--
ALTER TABLE `salles`
  ADD PRIMARY KEY (`id_salle`);

--
-- Indexes for table `semaines`
--
ALTER TABLE `semaines`
  ADD PRIMARY KEY (`id_semaine`),
  ADD KEY `annee_id` (`annee_id`),
  ADD KEY `semestre_id` (`semestre_id`);

--
-- Indexes for table `semestres`
--
ALTER TABLE `semestres`
  ADD PRIMARY KEY (`id_semestre`);

--
-- Indexes for table `services`
--
ALTER TABLE `services`
  ADD PRIMARY KEY (`id_service`),
  ADD KEY `id_serviceE` (`service_id`);

--
-- Indexes for table `service_message`
--
ALTER TABLE `service_message`
  ADD KEY `service_id` (`service_id`),
  ADD KEY `message_id` (`message_id`),
  ADD KEY `service_rec_id` (`service_rec_id`);

--
-- Indexes for table `stage`
--
ALTER TABLE `stage`
  ADD PRIMARY KEY (`id_stage`),
  ADD KEY `entreprise` (`entreprise`),
  ADD KEY `categorie` (`categorie`),
  ADD KEY `dossier_id` (`dossier_id`),
  ADD KEY `theme` (`theme`);

--
-- Indexes for table `stage_par_niveau`
--
ALTER TABLE `stage_par_niveau`
  ADD PRIMARY KEY (`id_stage_par_niveau`),
  ADD KEY `stage_par_niveau_ibfk_2` (`niveau`),
  ADD KEY `stage_par_niveau_ibfk_3` (`type_stage`);

--
-- Indexes for table `surveillant`
--
ALTER TABLE `surveillant`
  ADD PRIMARY KEY (`id_surveillant`);

--
-- Indexes for table `surveiller`
--
ALTER TABLE `surveiller`
  ADD PRIMARY KEY (`id_surveiller`),
  ADD KEY `id_exam` (`examen_id`),
  ADD KEY `id_surveillant` (`personnel_id`);

--
-- Indexes for table `theme`
--
ALTER TABLE `theme`
  ADD PRIMARY KEY (`id_theme`);

--
-- Indexes for table `type_encadreur`
--
ALTER TABLE `type_encadreur`
  ADD PRIMARY KEY (`id_type`);

--
-- Indexes for table `type_exam`
--
ALTER TABLE `type_exam`
  ADD PRIMARY KEY (`id_type`);

--
-- Indexes for table `type_plage`
--
ALTER TABLE `type_plage`
  ADD PRIMARY KEY (`id_type_plage`);

--
-- Indexes for table `type_stage`
--
ALTER TABLE `type_stage`
  ADD PRIMARY KEY (`id_type`);

--
-- Indexes for table `ue`
--
ALTER TABLE `ue`
  ADD PRIMARY KEY (`id_ue`),
  ADD KEY `id_semestre` (`semestre_id`);

--
-- Indexes for table `ville`
--
ALTER TABLE `ville`
  ADD PRIMARY KEY (`id_ville`),
  ADD KEY `ville_ibfk_1` (`pays`);

--
-- AUTO_INCREMENT for dumped tables
--

--
-- AUTO_INCREMENT for table `actions`
--
ALTER TABLE `actions`
  MODIFY `id_action` int(11) NOT NULL AUTO_INCREMENT, AUTO_INCREMENT=83;

--
-- AUTO_INCREMENT for table `affecter`
--
ALTER TABLE `affecter`
  MODIFY `id_affecter` int(11) NOT NULL AUTO_INCREMENT, AUTO_INCREMENT=31;

--
-- AUTO_INCREMENT for table `annee_academiques`
--
ALTER TABLE `annee_academiques`
  MODIFY `id_annee` int(11) NOT NULL AUTO_INCREMENT, AUTO_INCREMENT=10;

--
-- AUTO_INCREMENT for table `associations`
--
ALTER TABLE `associations`
  MODIFY `id_association` int(11) NOT NULL AUTO_INCREMENT, AUTO_INCREMENT=18;

--
-- AUTO_INCREMENT for table `categories`
--
ALTER TABLE `categories`
  MODIFY `id_categorie` int(11) NOT NULL AUTO_INCREMENT, AUTO_INCREMENT=23;

--
-- AUTO_INCREMENT for table `chat`
--
ALTER TABLE `chat`
  MODIFY `id` int(11) NOT NULL AUTO_INCREMENT, AUTO_INCREMENT=35;

--
-- AUTO_INCREMENT for table `commentaires`
--
ALTER TABLE `commentaires`
  MODIFY `id_commentaite` int(11) NOT NULL AUTO_INCREMENT;

--
-- AUTO_INCREMENT for table `comptes`
--
ALTER TABLE `comptes`
  MODIFY `id_compte` int(11) NOT NULL AUTO_INCREMENT, AUTO_INCREMENT=21;

--
-- AUTO_INCREMENT for table `correspondances`
--
ALTER TABLE `correspondances`
  MODIFY `id_correspondance` int(11) NOT NULL AUTO_INCREMENT, AUTO_INCREMENT=7;

--
-- AUTO_INCREMENT for table `correspondance_motcle`
--
ALTER TABLE `correspondance_motcle`
  MODIFY `id` int(11) NOT NULL AUTO_INCREMENT;

--
-- AUTO_INCREMENT for table `cycles`
--
ALTER TABLE `cycles`
  MODIFY `id_cycle` int(11) NOT NULL AUTO_INCREMENT, AUTO_INCREMENT=4;

--
-- AUTO_INCREMENT for table `departements`
--
ALTER TABLE `departements`
  MODIFY `id_departement` int(11) NOT NULL AUTO_INCREMENT, AUTO_INCREMENT=17;

--
-- AUTO_INCREMENT for table `deroulements`
--
ALTER TABLE `deroulements`
  MODIFY `id_deroulement` int(11) NOT NULL AUTO_INCREMENT, AUTO_INCREMENT=9;

--
-- AUTO_INCREMENT for table `documents`
--
ALTER TABLE `documents`
  MODIFY `id_doc` int(11) NOT NULL AUTO_INCREMENT, AUTO_INCREMENT=25;

--
-- AUTO_INCREMENT for table `dossiers`
--
ALTER TABLE `dossiers`
  MODIFY `id_dossier` int(11) NOT NULL AUTO_INCREMENT, AUTO_INCREMENT=132;

--
-- AUTO_INCREMENT for table `ec`
--
ALTER TABLE `ec`
  MODIFY `id_ec` int(11) NOT NULL AUTO_INCREMENT, AUTO_INCREMENT=37;

--
-- AUTO_INCREMENT for table `encadrement`
--
ALTER TABLE `encadrement`
  MODIFY `id` int(11) NOT NULL AUTO_INCREMENT, AUTO_INCREMENT=186;

--
-- AUTO_INCREMENT for table `encadreur`
--
ALTER TABLE `encadreur`
  MODIFY `id_enc` int(11) NOT NULL AUTO_INCREMENT, AUTO_INCREMENT=79;

--
-- AUTO_INCREMENT for table `enseignes`
--
ALTER TABLE `enseignes`
  MODIFY `id_enseigne` int(11) NOT NULL AUTO_INCREMENT, AUTO_INCREMENT=36;

--
-- AUTO_INCREMENT for table `entreprise`
--
ALTER TABLE `entreprise`
  MODIFY `id_entreprise` int(11) NOT NULL AUTO_INCREMENT, AUTO_INCREMENT=33;

--
-- AUTO_INCREMENT for table `etat`
--
ALTER TABLE `etat`
  MODIFY `id_etat` int(11) NOT NULL AUTO_INCREMENT, AUTO_INCREMENT=4;

--
-- AUTO_INCREMENT for table `etats_quitus`
--
ALTER TABLE `etats_quitus`
  MODIFY `id_quitus` int(11) NOT NULL AUTO_INCREMENT, AUTO_INCREMENT=45;

--
-- AUTO_INCREMENT for table `etudiants`
--
ALTER TABLE `etudiants`
  MODIFY `id_etudiant` int(11) NOT NULL AUTO_INCREMENT, AUTO_INCREMENT=132;

--
-- AUTO_INCREMENT for table `examens`
--
ALTER TABLE `examens`
  MODIFY `id_examen` int(11) NOT NULL AUTO_INCREMENT, AUTO_INCREMENT=57;

--
-- AUTO_INCREMENT for table `fichier`
--
ALTER TABLE `fichier`
  MODIFY `id_fic` int(11) NOT NULL AUTO_INCREMENT, AUTO_INCREMENT=38;

--
-- AUTO_INCREMENT for table `fonctions`
--
ALTER TABLE `fonctions`
  MODIFY `id_fonction` int(11) NOT NULL AUTO_INCREMENT, AUTO_INCREMENT=38;

--
-- AUTO_INCREMENT for table `grades`
--
ALTER TABLE `grades`
  MODIFY `id_grade` int(11) NOT NULL AUTO_INCREMENT, AUTO_INCREMENT=8;

--
-- AUTO_INCREMENT for table `jours`
--
ALTER TABLE `jours`
  MODIFY `id_jour` int(11) NOT NULL AUTO_INCREMENT, AUTO_INCREMENT=7;

--
-- AUTO_INCREMENT for table `memoire`
--
ALTER TABLE `memoire`
  MODIFY `id_memoire` int(11) NOT NULL AUTO_INCREMENT, AUTO_INCREMENT=45;

--
-- AUTO_INCREMENT for table `mentions`
--
ALTER TABLE `mentions`
  MODIFY `id_mention` int(11) NOT NULL AUTO_INCREMENT, AUTO_INCREMENT=70;

--
-- AUTO_INCREMENT for table `messages`
--
ALTER TABLE `messages`
  MODIFY `id_message` int(11) NOT NULL AUTO_INCREMENT;

--
-- AUTO_INCREMENT for table `messages_user`
--
ALTER TABLE `messages_user`
  MODIFY `id` int(11) NOT NULL AUTO_INCREMENT, AUTO_INCREMENT=36;

--
-- AUTO_INCREMENT for table `mot_cle`
--
ALTER TABLE `mot_cle`
  MODIFY `id` int(11) NOT NULL AUTO_INCREMENT;

--
-- AUTO_INCREMENT for table `niveaux`
--
ALTER TABLE `niveaux`
  MODIFY `id_niveau` int(11) NOT NULL AUTO_INCREMENT, AUTO_INCREMENT=6;

--
-- AUTO_INCREMENT for table `niv_par`
--
ALTER TABLE `niv_par`
  MODIFY `id_niv_par` int(11) NOT NULL AUTO_INCREMENT, AUTO_INCREMENT=46;

--
-- AUTO_INCREMENT for table `notes`
--
ALTER TABLE `notes`
  MODIFY `id_note` int(11) NOT NULL AUTO_INCREMENT, AUTO_INCREMENT=56;

--
-- AUTO_INCREMENT for table `notes_generale`
--
ALTER TABLE `notes_generale`
  MODIFY `id_note_generale` int(11) NOT NULL AUTO_INCREMENT;

--
-- AUTO_INCREMENT for table `parametres`
--
ALTER TABLE `parametres`
  MODIFY `id_parametre` int(11) NOT NULL AUTO_INCREMENT, AUTO_INCREMENT=2;

--
-- AUTO_INCREMENT for table `parcours`
--
ALTER TABLE `parcours`
  MODIFY `id_parcour` int(11) NOT NULL AUTO_INCREMENT, AUTO_INCREMENT=26;

--
-- AUTO_INCREMENT for table `pays`
--
ALTER TABLE `pays`
  MODIFY `id_pays` int(11) NOT NULL AUTO_INCREMENT, AUTO_INCREMENT=2;

--
-- AUTO_INCREMENT for table `personnels`
--
ALTER TABLE `personnels`
  MODIFY `id_personnel` int(11) NOT NULL AUTO_INCREMENT, AUTO_INCREMENT=35;

--
-- AUTO_INCREMENT for table `pieces_jointes`
--
ALTER TABLE `pieces_jointes`
  MODIFY `id_pj` int(11) NOT NULL AUTO_INCREMENT, AUTO_INCREMENT=20;

--
-- AUTO_INCREMENT for table `plages`
--
ALTER TABLE `plages`
  MODIFY `id_plage` int(11) NOT NULL AUTO_INCREMENT, AUTO_INCREMENT=12;

--
-- AUTO_INCREMENT for table `plage_niv`
--
ALTER TABLE `plage_niv`
  MODIFY `id_plage_niv` int(11) NOT NULL AUTO_INCREMENT, AUTO_INCREMENT=25;

--
-- AUTO_INCREMENT for table `plannification`
--
ALTER TABLE `plannification`
  MODIFY `id_plannification` int(11) NOT NULL AUTO_INCREMENT, AUTO_INCREMENT=67;

--
-- AUTO_INCREMENT for table `posseder`
--
ALTER TABLE `posseder`
  MODIFY `id_posseder` int(11) NOT NULL AUTO_INCREMENT, AUTO_INCREMENT=30;

--
-- AUTO_INCREMENT for table `postes`
--
ALTER TABLE `postes`
  MODIFY `id_poste` int(11) NOT NULL AUTO_INCREMENT, AUTO_INCREMENT=11;

--
-- AUTO_INCREMENT for table `quitus_depot`
--
ALTER TABLE `quitus_depot`
  MODIFY `id_quitus` tinyint(4) NOT NULL AUTO_INCREMENT;

--
-- AUTO_INCREMENT for table `recuperations`
--
ALTER TABLE `recuperations`
  MODIFY `id_recup` int(11) NOT NULL AUTO_INCREMENT;

--
-- AUTO_INCREMENT for table `role`
--
ALTER TABLE `role`
  MODIFY `id_role` tinyint(1) NOT NULL AUTO_INCREMENT, AUTO_INCREMENT=4;

--
-- AUTO_INCREMENT for table `roles`
--
ALTER TABLE `roles`
  MODIFY `id_role` int(11) NOT NULL AUTO_INCREMENT, AUTO_INCREMENT=12;

--
-- AUTO_INCREMENT for table `semaines`
--
ALTER TABLE `semaines`
  MODIFY `id_semaine` int(11) NOT NULL AUTO_INCREMENT, AUTO_INCREMENT=15;

--
-- AUTO_INCREMENT for table `services`
--
ALTER TABLE `services`
  MODIFY `id_service` int(11) NOT NULL AUTO_INCREMENT, AUTO_INCREMENT=24;

--
-- AUTO_INCREMENT for table `stage`
--
ALTER TABLE `stage`
  MODIFY `id_stage` int(11) NOT NULL AUTO_INCREMENT, AUTO_INCREMENT=49;

--
-- AUTO_INCREMENT for table `surveiller`
--
ALTER TABLE `surveiller`
  MODIFY `id_surveiller` int(11) NOT NULL AUTO_INCREMENT, AUTO_INCREMENT=5;

--
-- AUTO_INCREMENT for table `theme`
--
ALTER TABLE `theme`
  MODIFY `id_theme` int(11) NOT NULL AUTO_INCREMENT, AUTO_INCREMENT=45;

--
-- AUTO_INCREMENT for table `type_encadreur`
--
ALTER TABLE `type_encadreur`
  MODIFY `id_type` int(11) NOT NULL AUTO_INCREMENT, AUTO_INCREMENT=3;

--
-- AUTO_INCREMENT for table `type_exam`
--
ALTER TABLE `type_exam`
  MODIFY `id_type` int(11) NOT NULL AUTO_INCREMENT, AUTO_INCREMENT=6;

--
-- AUTO_INCREMENT for table `type_plage`
--
ALTER TABLE `type_plage`
  MODIFY `id_type_plage` int(11) NOT NULL AUTO_INCREMENT, AUTO_INCREMENT=3;

--
-- AUTO_INCREMENT for table `type_stage`
--
ALTER TABLE `type_stage`
  MODIFY `id_type` int(11) NOT NULL AUTO_INCREMENT, AUTO_INCREMENT=6;

--
-- AUTO_INCREMENT for table `ue`
--
ALTER TABLE `ue`
  MODIFY `id_ue` int(11) NOT NULL AUTO_INCREMENT, AUTO_INCREMENT=18;

--
-- AUTO_INCREMENT for table `ville`
--
ALTER TABLE `ville`
  MODIFY `id_ville` int(11) NOT NULL AUTO_INCREMENT, AUTO_INCREMENT=11;

--
-- Constraints for dumped tables
--

--
-- Constraints for table `affecter`
--
ALTER TABLE `affecter`
  ADD CONSTRAINT `affecter_ibfk_1` FOREIGN KEY (`personnel_id`) REFERENCES `personnels` (`id_personnel`) ON DELETE CASCADE ON UPDATE CASCADE,
  ADD CONSTRAINT `affecter_ibfk_2` FOREIGN KEY (`service_id`) REFERENCES `services` (`id_service`);

--
-- Constraints for table `associations`
--
ALTER TABLE `associations`
  ADD CONSTRAINT `associations_ibfk_1` FOREIGN KEY (`niv_par_id`) REFERENCES `niv_par` (`id_niv_par`) ON DELETE CASCADE ON UPDATE CASCADE,
  ADD CONSTRAINT `associations_ibfk_2` FOREIGN KEY (`ue_id`) REFERENCES `ue` (`id_ue`);

--
-- Constraints for table `categories`
--
ALTER TABLE `categories`
  ADD CONSTRAINT `categories_ibfk_1` FOREIGN KEY (`categorie_id`) REFERENCES `categories` (`id_categorie`) ON DELETE CASCADE ON UPDATE CASCADE,
  ADD CONSTRAINT `categories_ibfk_2` FOREIGN KEY (`service_id`) REFERENCES `services` (`id_service`),
  ADD CONSTRAINT `categories_ibfk_3` FOREIGN KEY (`departement_id`) REFERENCES `departements` (`id_departement`) ON DELETE CASCADE ON UPDATE CASCADE;

--
-- Constraints for table `commentaires`
--
ALTER TABLE `commentaires`
  ADD CONSTRAINT `commentaires_ibfk_1` FOREIGN KEY (`dossier_id`) REFERENCES `dossiers` (`id_dossier`),
  ADD CONSTRAINT `commentaires_ibfk_2` FOREIGN KEY (`ec_id`) REFERENCES `ec` (`id_ec`),
  ADD CONSTRAINT `commentaires_ibfk_3` FOREIGN KEY (`personnel_id`) REFERENCES `personnels` (`id_personnel`);

--
-- Constraints for table `comptes`
--
ALTER TABLE `comptes`
  ADD CONSTRAINT `comptes_ibfk_1` FOREIGN KEY (`personnel_id`) REFERENCES `personnels` (`id_personnel`) ON DELETE CASCADE ON UPDATE CASCADE;

--
-- Constraints for table `correspondances`
--
ALTER TABLE `correspondances`
  ADD CONSTRAINT `correspondances_ibfk_1` FOREIGN KEY (`cycle_id`) REFERENCES `cycles` (`id_cycle`) ON DELETE CASCADE ON UPDATE CASCADE,
  ADD CONSTRAINT `correspondances_ibfk_2` FOREIGN KEY (`mention_id`) REFERENCES `mentions` (`id_mention`) ON DELETE CASCADE ON UPDATE CASCADE;

--
-- Constraints for table `deroulements`
--
ALTER TABLE `deroulements`
  ADD CONSTRAINT `deroulements_ibfk_1` FOREIGN KEY (`examen_id`) REFERENCES `examens` (`id_examen`) ON DELETE CASCADE ON UPDATE CASCADE,
  ADD CONSTRAINT `deroulements_ibfk_2` FOREIGN KEY (`salle_id`) REFERENCES `salles` (`id_salle`) ON DELETE CASCADE ON UPDATE CASCADE;

--
-- Constraints for table `documents`
--
ALTER TABLE `documents`
  ADD CONSTRAINT `documents_ibfk_1` FOREIGN KEY (`categorie_id`) REFERENCES `categories` (`id_categorie`) ON DELETE CASCADE ON UPDATE CASCADE;

--
-- Constraints for table `dossiers`
--
ALTER TABLE `dossiers`
  ADD CONSTRAINT `dossiers_ibfk_1` FOREIGN KEY (`annee_id`) REFERENCES `annee_academiques` (`id_annee`) ON DELETE CASCADE ON UPDATE CASCADE,
  ADD CONSTRAINT `dossiers_ibfk_3` FOREIGN KEY (`niv_par_id`) REFERENCES `niv_par` (`id_niv_par`) ON DELETE CASCADE ON UPDATE CASCADE,
  ADD CONSTRAINT `dossiers_ibfk_4` FOREIGN KEY (`etudiant_id`) REFERENCES `etudiants` (`id_etudiant`);

--
-- Constraints for table `ec`
--
ALTER TABLE `ec`
  ADD CONSTRAINT `ec_ibfk_1` FOREIGN KEY (`etat_id`) REFERENCES `etat` (`id_etat`) ON DELETE CASCADE ON UPDATE CASCADE,
  ADD CONSTRAINT `ec_ibfk_2` FOREIGN KEY (`ue_id`) REFERENCES `ue` (`id_ue`);

--
-- Constraints for table `encadrement`
--
ALTER TABLE `encadrement`
  ADD CONSTRAINT `encadrement_ibfk_1` FOREIGN KEY (`encadreur`) REFERENCES `encadreur` (`id_enc`),
  ADD CONSTRAINT `encadrement_ibfk_2` FOREIGN KEY (`stage`) REFERENCES `stage` (`id_stage`);

--
-- Constraints for table `enseignes`
--
ALTER TABLE `enseignes`
  ADD CONSTRAINT `enseignes_ibfk_1` FOREIGN KEY (`annee_id`) REFERENCES `annee_academiques` (`id_annee`) ON DELETE CASCADE ON UPDATE CASCADE,
  ADD CONSTRAINT `enseignes_ibfk_2` FOREIGN KEY (`ec_id`) REFERENCES `ec` (`id_ec`) ON DELETE CASCADE ON UPDATE CASCADE,
  ADD CONSTRAINT `enseignes_ibfk_3` FOREIGN KEY (`personnel_id`) REFERENCES `personnels` (`id_personnel`) ON DELETE CASCADE ON UPDATE CASCADE;

--
-- Constraints for table `etats_quitus`
--
ALTER TABLE `etats_quitus`
  ADD CONSTRAINT `etats_quitus_ibfk_1` FOREIGN KEY (`dossier_id`) REFERENCES `dossiers` (`id_dossier`);

--
-- Constraints for table `examens`
--
ALTER TABLE `examens`
  ADD CONSTRAINT `examens_ibfk_1` FOREIGN KEY (`annee_id`) REFERENCES `annee_academiques` (`id_annee`),
  ADD CONSTRAINT `examens_ibfk_2` FOREIGN KEY (`personnel_id`) REFERENCES `personnels` (`id_personnel`),
  ADD CONSTRAINT `examens_ibfk_3` FOREIGN KEY (`ec_id`) REFERENCES `ec` (`id_ec`);

--
-- Constraints for table `memoire`
--
ALTER TABLE `memoire`
  ADD CONSTRAINT `memoire_ibfk_1` FOREIGN KEY (`stage`) REFERENCES `stage` (`id_stage`);

--
-- Constraints for table `personnels`
--
ALTER TABLE `personnels`
  ADD CONSTRAINT `personnels_ibfk_1` FOREIGN KEY (`grade_id`) REFERENCES `grades` (`id_grade`) ON DELETE CASCADE ON UPDATE CASCADE,
  ADD CONSTRAINT `personnels_ibfk_2` FOREIGN KEY (`departement_id`) REFERENCES `departements` (`id_departement`) ON DELETE CASCADE ON UPDATE CASCADE,
  ADD CONSTRAINT `personnels_ibfk_3` FOREIGN KEY (`role_id`) REFERENCES `roles` (`id_role`);

--
-- Constraints for table `plages`
--
ALTER TABLE `plages`
  ADD CONSTRAINT `plages_ibfk_1` FOREIGN KEY (`type_plage_id`) REFERENCES `type_plage` (`id_type_plage`);

--
-- Constraints for table `plage_niv`
--
ALTER TABLE `plage_niv`
  ADD CONSTRAINT `plage_niv_ibfk_1` FOREIGN KEY (`niv_par_id`) REFERENCES `niv_par` (`id_niv_par`) ON DELETE CASCADE ON UPDATE CASCADE,
  ADD CONSTRAINT `plage_niv_ibfk_2` FOREIGN KEY (`niveau_id`) REFERENCES `niveaux` (`id_niveau`),
  ADD CONSTRAINT `plage_niv_ibfk_3` FOREIGN KEY (`plage_id`) REFERENCES `plages` (`id_plage`);

--
-- Constraints for table `plannification`
--
ALTER TABLE `plannification`
  ADD CONSTRAINT `plannification_ibfk_1` FOREIGN KEY (`jour_id`) REFERENCES `jours` (`id_jour`),
  ADD CONSTRAINT `plannification_ibfk_2` FOREIGN KEY (`ec_id`) REFERENCES `ec` (`id_ec`),
  ADD CONSTRAINT `plannification_ibfk_3` FOREIGN KEY (`plage_id`) REFERENCES `plages` (`id_plage`),
  ADD CONSTRAINT `plannification_ibfk_4` FOREIGN KEY (`salle_id`) REFERENCES `salles` (`id_salle`),
  ADD CONSTRAINT `plannification_ibfk_5` FOREIGN KEY (`semaine_id`) REFERENCES `semaines` (`id_semaine`) ON DELETE CASCADE ON UPDATE CASCADE;

--
-- Constraints for table `posseder`
--
ALTER TABLE `posseder`
  ADD CONSTRAINT `posseder_ibfk_1` FOREIGN KEY (`poste_id`) REFERENCES `postes` (`id_poste`);

--
-- Constraints for table `quitus_depot`
--
ALTER TABLE `quitus_depot`
  ADD CONSTRAINT `quitus_depot_ibfk_1` FOREIGN KEY (`memoire_id`) REFERENCES `memoire` (`id_memoire`);

--
-- Constraints for table `recuperations`
--
ALTER TABLE `recuperations`
  ADD CONSTRAINT `recuperations_ibfk_1` FOREIGN KEY (`etudiant_id`) REFERENCES `etudiants` (`id_etudiant`);

--
-- Constraints for table `semaines`
--
ALTER TABLE `semaines`
  ADD CONSTRAINT `semaines_ibfk_1` FOREIGN KEY (`annee_id`) REFERENCES `annee_academiques` (`id_annee`),
  ADD CONSTRAINT `semaines_ibfk_2` FOREIGN KEY (`semestre_id`) REFERENCES `semestres` (`id_semestre`) ON DELETE CASCADE ON UPDATE CASCADE;

--
-- Constraints for table `stage`
--
ALTER TABLE `stage`
  ADD CONSTRAINT `stage_ibfk_2` FOREIGN KEY (`dossier_id`) REFERENCES `dossiers` (`id_dossier`),
  ADD CONSTRAINT `stage_ibfk_3` FOREIGN KEY (`theme`) REFERENCES `theme` (`id_theme`),
  ADD CONSTRAINT `stage_ibfk_4` FOREIGN KEY (`categorie`) REFERENCES `type_stage` (`id_type`);

--
-- Constraints for table `surveiller`
--
ALTER TABLE `surveiller`
  ADD CONSTRAINT `surveiller_ibfk_1` FOREIGN KEY (`personnel_id`) REFERENCES `personnels` (`id_personnel`),
  ADD CONSTRAINT `surveiller_ibfk_2` FOREIGN KEY (`examen_id`) REFERENCES `examens` (`id_examen`);
COMMIT;

/*!40101 SET CHARACTER_SET_CLIENT=@OLD_CHARACTER_SET_CLIENT */;
/*!40101 SET CHARACTER_SET_RESULTS=@OLD_CHARACTER_SET_RESULTS */;
/*!40101 SET COLLATION_CONNECTION=@OLD_COLLATION_CONNECTION */;
